DJ_Folken,980,A new favorite: Rinse FM Podcast - Josey Rebelle - 27th March 2016 by @rinsefm https://t.co/f1UGQcpkRl on #SoundCloudPure_VR,696,#itrl podcast goes live today at 530PM EST @apieceoffruit joins us to talk about the impending release. #vrtwentyminutevc,2885,. @brankocerny reveals importance 4 #saas #enterprise #startups of millennial engagement https://t.co/ufOJUujEfu #vc https://t.co/W7LCS3Upxgrandywilburn,2627,@arelmoodie great podcast with @grantbaldwin on speaking and reaching your audience when just getting started. Excellent advice and tips.ZaidAlShaddadi,203,RT @sabinestaggl: Looking forward to listen to the Quiet Podcast with @susancain https://t.co/XixUyLvpNp #introvert  #QuietPodcast #Rethink‚Ä¶kerriprx,2943,Catching up on the insights of @aragusea on the pub, appreciating @currentpubmedia podcastConnachtClan,17211,RT @craggyrugbypod: Podcast out tmw morning. Bank holiday or no bank holiday!FBasketballNews,10857,Red Rock Fantasy Basketball Podcast ep. 548: Everything's Coming up Millsap https://t.co/voDNIiApzxBranavanKandiah,33,@solomonster where is the wrestling time podcast? I could not find it on podbean or google.atruedrwhofan,77729,@Whos_He_Podcast I read that recently and just love the first Brrig scene as he secretly thinks all his men are laughing at him in a kilt!jimmymacleod,631,RT @dash_audio: @politiken have some great NEW content available on Politiken Podcast App. Checkout the AppStore! https://t.co/H49VxnqYjhMannifresh25,89520,@HamillHimself I'll send you 1k to call into my podcast. Just let me know where to send it to.thedrunkendork,15127,RT @thegooncast: new episode tomorrow. catch up

iTunes https://t.co/aflOxncFUw
Direct DL https://t.co/ljTHn4S61y
https://t.co/YQjQwEOHkX

‚Ä¶RonanB,4485,RT @craggyrugbypod: Podcast out tmw morning. Bank holiday or no bank holiday!thedrunkendork,15127,RT @AngelsFreak7: #HappyEaster The #UltimateCrossover w/ Couple Things #podcast &amp; Dark Angels &amp; Pretty Freaks is here!
#PodernFamily

https‚Ä¶imoristar,11369,I liked a @YouTube video https://t.co/oGzRotpEq9 ‚òïLetsTalk Podcast‚òï #8 "New Challenger! ImoriStar"thedanseamarks,11849,RT @imjamesbarr: What happens to @Poundland if we vote yes? üá™üá∫ #EuroLand #Brexit 

@DANHUDSON @gaynongay https://t.co/K4HvRQg3z4capebreton1973,379392,RT @MMAViewpoint: Check out our chat with @corinaherrera89! On YouTube: https://t.co/7v5I9whNnz    On iTunes: https://t.co/k317Lx5sqW https‚Ä¶slegames,4529,RT @boring_as_heck: It's Episode 38 of @RealGoodShow! Monster trucks! Racism! The Joker! With @edzitron, @BronzeHammer, &amp; @ByYourLogic! htt‚Ä¶crisperchicklet,13379,@PaulCToF I was inspired by a recent vlog/podcast I subbed to.  It's mostly knitting, but fun!PasterdsPodcast,81,Happy Easter!
Don't forget Episode 005 is up! Is the Church Relevant?
https://t.co/M2Yk9PlpLwKreamInc_,2015,RT @highsnobiety: Want to know what 'FUCCBOI' really means? Then listen to our latest podcast right here: https://t.co/WLXgIdTB1Z https://t‚Ä¶TILRedditRecap,2609,The TIL #reddit recap episode for Sun March 27th 2016 is out! iTunes https://t.co/f0Va8bEtzW Direct https://t.co/AO3fsZWidTDrPeiKang,41404,Social Media Updates from Guy Kawasaki [podcast] ‚ñ∂ https://t.co/eRyp3uQF0X #socialmedia #marketing #onlinebizSean_Munger,49770,@LostinOrder I enjoy your podcast, BTW!TheRealSirT,502,RT @agencyathlete: Check out #NFLDraft prospect Justin Malone (OG) #MississippiState #podcast interview w/ NFL‚Ä¶ https://t.co/NSM9WlYHmV htt‚Ä¶MarkESutter,32591,RT @TorpedoTed13: Check out this cool episode: https://t.co/H5nJN7MFwU @IdiotsArrayPod #StarWars #podcast https://t.co/knKdlFLsOXAli_Gharib,97237,RT @mattpulver: loving new left/liberal podcast. shouts to @JAMyerson and @Ali_Gharib https://t.co/hiAQDUm4nzAP_R007,2313,@MesaSean looking forward to catching the podcast. üëçüëçüòérmukeshgupta,35924,What Matters is Execution, Not Ideas - #StartUps #Marketing #SmallBiz #CEO - https://t.co/wUqycbLs5N #Podcast #IdeasDJSchatzberg,16386,Just loved "Syncology Podcast #SCLGY010" by Sync Off ‚ú™ on @mixcloud https://t.co/F5AF1SsGILTebxtso,61977,RT @highsnobiety: Want to know what 'FUCCBOI' really means? Then listen to our latest podcast right here: https://t.co/WLXgIdTB1Z https://t‚Ä¶zsvLabek123,6,RT @abcconvos: New #podcast: @DrMCross ('Changing Minds' @ABCTV doco) whose brain "never takes a holiday"  https://t.co/zObyWlBnDf https://‚Ä¶kgbunc,12669,RT @FWPodcasts: SQUADRON SUPREME vs JUSTICE LEAGUE! New FIRE &amp; WATER with Shag &amp; Paul from @TwoTrueFreaks! https://t.co/zPrKrZos8Y https://‚Ä¶LOUDMATOME,201337,[Punknews] Podcast: Episode 293: Aged Provocateur https://t.co/tRWjfTcUKdArmaniLawal,12572,RT @ImpactInvestRR: The Impact Investing Podcast: Bryan Birsic on Techstars, Finding Your Co-Founders, an https://t.co/hqP8ZrBZqL https://t‚Ä¶MMAViewpoint,567,Check out our chat with @corinaherrera89! On YouTube: https://t.co/7v5I9whNnz    On iTunes: https://t.co/k317Lx5sqW https://t.co/93BWwMgOfkMelissaD_RMT,49184,RT @Jenny_L_Mc: Raising the Bar- we highlight unique female leadership through storytelling. #podcast #raisingthebar #femaleleadersagencyathlete,5194,Check out #NFLDraft prospect Justin Malone (OG) #MississippiState #podcast interview w/ NFL‚Ä¶ https://t.co/NSM9WlYHmV https://t.co/hDIrJLEh1aKody_Cantrell,5389,@RealKidPoker I doubt you have time but you should do a podcast every once and a while. Would love to hear itJVCrum,99906,Discover how you can stand out among thousands of businesses. Listen https://t.co/Fu95PrarMq #podcast, #business, #successDarrin_Bentley,78741,Want More Energy in Your Life? Why wouldn't you, right? https://t.co/3Zkbq9oy7j w Tony Horton #entrepreneur #success #mindsetpediacast,4941,Introducing peanut butter to #baby. When? Where? Find out on our #digitalhealth #podcast @nationwidekids https://t.co/jvAmQ9gZbMLBtC_Podcast,15,@technewsweekly5 knowsSuperGamHOse,241,RT @devindthorpe: ICYMI: #370: Inspiring Capital Actually Trains Leaders to Do This
https://t.co/aXekxvfiQi
@nelldd @inspiringcapital
#podc‚Ä¶sotc889,7708,RT @RedStripeRocco: It's time to Rewind the @sotc889‚ù§Ô∏èüíõüíö #Podcastüî• @goalie27smom for You &amp; my neighbors #Reggae‚ù§Ô∏è #Radioüìª https://t.co/SoBm‚Ä¶02FNA,75142,How some of our Vets where never honored as they should be¬†https://t.co/Pj7jlqMibl¬†¬†#podcast¬†#inspiration¬†¬†#patriot¬†#successorbifx,2943,RT @Anametheus: 10,000 words, 100 notes, 1 hr podcast. Finally finished putting together What is Philosophy? Part 3:Doing Philosophy https:‚Ä¶SharePickers,31665,RT @marketgem: @whyalwayscb @SharePickers Barry from Beaufort is great on the podcast. Gives some great insight into the macro as well as s‚Ä¶thecalgee,2700,Two other variants I liked for the @WhoGoesTherePod #art #podcast #logo #design #horror https://t.co/N9Kyk6KKU9UpTopBoomin,4847,Whack ass @BigSean curved the legend @noreaga üòÆ I been waiting for NORE to have podcast he already in my top 5 about to listen to 1st ep ‚úäüëèüòéWrestlingCallIn,2114,My new sounds:New podcast is up,so please check it out The Wrestling Call In Show Ep 309-Tony C's  Birthday Bash https://t.co/fw0CQVpiPyDaisyFrisco,30246,@junethomas I have only just discovered Slate‚Äôs Double X podcast. Why has it taken me so long, June. FFS, WHY?!listenupnorth,13662,Enjoy our latest newsletter including a podcast of stories and poetry from Easington Writers https://t.co/rFXH8TM1WIDurdyBeatz,437,Joe Rogan podcast allows people to freely explore ideas without constraints due to affiliation #GreatShow #OutsideTheBox #IntelligentFightinPhillies,17695,RT @Corey0Smith: Wish I could get back into podcasting only because I have so many ideas for intro/outro music. #podcastSeizeYourBiz,428,#SeizeYourBusiness #EntrepreneurPodcast &amp; #BusinessVideo: Don't Be a #JobZombie

#Business

https://t.co/76T8wO69q8 https://t.co/DnK3QWFpY5oflahertylaw,694,#SeizeYourBusiness #EntrepreneurPodcast &amp; #BusinessVideo: Don't Be a #JobZombie

#Business

https://t.co/GInxsZzAgD https://t.co/ahYA23HcA2vvanedwards,9037,How to Read People Like a Book (podcast): https://t.co/mGZ9hxvwRR https://t.co/nWWD37WrqHmdallacamina,5976,Listen up! Getting real with Megan - my podcast series is now available on iTunes. https://t.co/rM3Rt4cam2artoflawyering,7139,Do certain personality types make better #lawyer #entrepreneurs? I talk about that and more on the podcast. Enjoy! https://t.co/fXgujukMJgTheRightSpace,389,Having a laugh with writer/comedian #CharlesFirth. @therightspace #podcast on iTunes https://t.co/HDQxuBPQedlinda_ung,5154,Having a laugh with writer/comedian #CharlesFirth. @therightspace #podcast on iTunes https://t.co/O2tQZ2HCbHswargcoming,25278,RT @ChristiChat: üîπ@SheriffClarke
üîπFearless Podcast 
üîπAnytime On Demand
üîπhttps://t.co/naCuG8fBDA

#TCOT #HappyEaster https://t.co/HELmskizo8ultsportstalk,25036,#NowPlaying on https://t.co/FHSNRsxAAb. - @Thee_LB53 on @IESportsRadio - Three And Out #PodcastTalkIsJericho,8013,RT @kenhalfpenny: @IAmJericho just ordered through @TalkIsJericho Amazon link. Hope it helps. The Podcast is brilliant. https://t.co/6vN1Ct‚Ä¶evepeyser,13631,@zachheltzel u host a podcastsarah_goldust,1783,RT @Argyle_Empire: The @GabrielSeriesFP podcast explores #TheGabrielSeries by @sylvainreynard
https://t.co/vYQf1Hrls6misanthropemike,9794,@neilhimself I'm interviewing super-editor Ellen Datlow today, if some of your readers are interested: https://t.co/u97J92jIjfSimonBrundish,53239,That's me saying @CricIndex is an awesome podcastAviAryanRaj,44,RT @bigthink: THIS WEEK: An in-depth conversation with @brainpicker on friendship, modern anxiety, &amp; a meaningful life. w/ @jgots https://t‚Ä¶CBMovieTalk,3207,@johncampea What do you think about the Screening Room? You were going to talk about it on your podcast but never did.HypnoSolve,4054,RT @Alt_P_therapies: Too much chocolate today? It could leave you with a #headache so last week's #podcast just might help! #Hypnotherapy h‚Ä¶yoga8kris,178257,RT @amberromaniuk: Episode 20 of the No Sugarcoating Podcast is out now. Check it out at amber approved.ca and‚Ä¶ https://t.co/xRmJhGOU7IAsteroidDay,2416,RT @BSpodNetwork: We learn about Asteroid Day on this all new ep! #Space #NASA #Astronomy #Space #Podcast https://t.co/X3mF9UuVk6 https://t‚Ä¶Garthawk,14669,RT @ChristiChat: üîπ@SheriffClarke
üîπFearless Podcast 
üîπAnytime On Demand
üîπhttps://t.co/naCuG8fBDA

#TCOT #HappyEaster https://t.co/HELmskizo8TheMadelineCain,3022,.@incognitiously does a great New York accent in this episode of #PrioriPodcast https://t.co/iV6zkUo6xvLauraCollinsLM,2435,RT @scifiwoman13: Sex Over 50? This podcast is awesome. Start with episode one. #over50 #sexy https://t.co/HYPx6Qpauv https://t.co/IYvuKGQg‚Ä¶Reductress,15147,Listen to our new podcast now: https://t.co/jtFrCZ8Vnq https://t.co/91DAA0UBYBAuthorU,103960,Why online discussion will sell more books than a bookstore via @MyBookShepherd and @NewShelves podcast:: https://t.co/0lEhAsS0Fa #selfpubmybookshepherd,103990,Why online discussion will sell more books than a bookstore via @MyBookShepherd and @NewShelves podcast:: https://t.co/zL26btsayz #selfpubDreamshine4,60612,Bankrupt to The $20 Million Dollar Dude!
Our Guest @Alphabetsuccess on @ElevatingBeyond
https://t.co/56uiV4B2cU https://t.co/mOi7pxizEilubomerkov,14788,@benjaminpugsley @jair1970 I assume the ESPNFC podcast is available for Android devices too, but have not looked. And James loves iTunes nowGaryPSM,19745,RT @JoshSabarra: Grab your basket! The @PornAgainBook #podcast @weplayradio &amp; @iTunes is the perfect #Easter treat. #sex #LGBT #gay https:/‚Ä¶Dreamshine4,60612,Failing Does Not Make You a Failure
Our #Empowering Video @ElevatingBeyond #Podcast  
https://t.co/RljlaXwO1kpasquinilli,119974,It's Legendary! Legendary Podcast with @danspena  https://t.co/0uFMeb9SB4ComedyNewsNow,42209,MPR Podcast Ep 184 with guest, TV writer Kevin Avery https://t.co/3UC1nwdgkRPreviewReviewNY,49511,MPR Podcast Ep 103 with guest comedian Tom McCaffrey https://t.co/QJaL9rjZ2pComedyFanNews,46102,MPR Podcast Ep 103 with guest comedian Tom McCaffrey https://t.co/NakwiE0263TV_Rev,31624,UnXpected ‚Äì Episode 30 [Press Gang¬†Podcast] https://t.co/nExwVgOqAR https://t.co/dJFSMDxOanTweetPeeps_,56562,Briefing: Nazi Twitter bots, IDF morality, and a secret rescue https://t.co/LK9c9u3Nj1vanillaweb,59421,RT @dandelionsm: Have a listen to my latest podcast, featuring the lovely @KellyCulver96 of @FruitWorksCo  https://t.co/HnGPXAIMJx https://‚Ä¶Fukitol1,8756,Have you heard ‚ÄòFIGHTER PODCAST Episode 7 - BE THANKFUL !!!‚Äô by BB Thomaz on #SoundCloud? #np https://t.co/0Focla667xCraigA8M,401,RT @AubreyMarcus: New #amp podcast with my brother @porangui is up on iTunes including a preview of our new album‚Ä¶ https://t.co/NTfEBv8YCgActorsVocal,1522,#ACSDigital is on a roll! We are now up to 5 episodes of Comedy Death Star, our outstanding #comedy #podcast. https://t.co/vtDUb1BtvWActorsComedy,32182,#ACSDigital is on a roll! We are now up to 5 episodes of Comedy Death Star, our outstanding #comedy #podcast. https://t.co/CJK5ImueEhTheChuckWang,9283,What do #marketing #automation and #gamification have in common?.  @SailPlay #podcast LISTEN https://t.co/qHs49oxMVK https://t.co/FCPsw1WaSpenriquesalgad09,14,Hey @PhillyD where can I find the podcast you did with Burnie from rooster teeth?PoliParadox,561,Looking for a Libertarian take on the news? Check our #Podcast https://t.co/2I9ghVNPjI #tlot #tcot #cdnpoli2215youpod,16049,Why Listening to Your Audience‚Äôs Needs is Important - https://t.co/AT86zGBxeJ #onlinebiz #business #entrepreneur #audience #success #tips1715newpod,34885,A New Way To Promote Your Apps In The iStore - https://t.co/Zlia7fWEws #startup #marketing #smallbiz #business #tech #magazine #appsobbacondavisVK,39,RT @WannabePress: 'Good luck exhibitors! May the odds be ever in your favor. #podcast #radio #live #event https://t.co/Cf0n2czHyb https://t‚Ä¶PITAC_Podcast,840,@emily_dawn Sounds good! I wanna share some stuff with you too.cinebeth,15625,You have 3 hours left at WonderCon! Here's my podcast interviews with Seth Laderman of Comic-Con HQ and Ted Adams... https://t.co/grjdJUaTnMAmznfrknaz,9580,@DeathsquadMUFC 
Will you Podcast Me. ?1summerstar1,21838,RT @BreitbartNews: Incoming https://t.co/T4RWc02i4B https://t.co/jBed9u4m3pscottkentjones,2571,Easter Thoughts‚Ä¶Sermons ‚Äì Ascension Church - You Don‚Äôt Have To Justify Yourself To Anyone, Anywhere, At Any Time - https://t.co/eFC59fAFlMFunnyJulius,527002,I wish I would've done a podcast when it wasn't popular.TheRealWillLink,16847,RT @thegiantist: Fired up about bringing @TheRealWillLink on board for out @OrphanBlack podcast! https://t.co/HCW0X11BIndjhypa10,9706,NEW PODCAST ALERT! LINK IN MY BIO! FUTURE BASHMENT 2.0 https://t.co/YoMEcnWFu6cornue,4451,Great interview with @daniel_kraft.

https://t.co/t71cBj7QtcErikkusama777,629,I liked a @YouTube video from @kaggyfilms https://t.co/KH37UiIIpu POKKEN, SAO VR, &amp; Wii U Useless?! | DragonBowl Podcast (#23)fictionunbound,353,RT @misanthropemike: @neilhimself I'm interviewing super-editor Ellen Datlow today, if some of your readers are interested: https://t.co/u9‚Ä¶BernardoRuelas,12877,@KiwiPie16 I'm hearing your podcast right now with big PHIL.TheDaveKirby,24548,Find out how to grow your EQ with @annegradygroup. https://t.co/0o0Wa0cEQI #success #business #entrepreneur #startup https://t.co/NnzD4uQmPhalcastle01,5280,@iainlee listening to Friday's podcast..good work üëçüèª Missin your dulcet tones on the drive to work palrodfitoguz,1029,RT @misanthropemike: @neilhimself I'm interviewing super-editor Ellen Datlow today, if some of your readers are interested: https://t.co/u9‚Ä¶Channel_OSI74,173,New post: Open the Podcast doors‚Ä¶Mr. Lobo talks about a Future Bigger Than TV. https://t.co/sQZ0WX2fuiNoNegativeTalk,8942,Interview: From laid-off to successful #entrepreneur https://t.co/7vukc8F5k0Manuel_Ghezzi,39327,RT @Anon_GovWatch: "@AnonymousVideo: PODCAST #FreeAssange ‚ñ∫The #JA4me campaign on the Voices Network https://t.co/QJTXR2LYAb #Anonymous #An‚Ä¶lilyellowcouch,2045,RT @jen_brika: @lilyellowcouch and @coastalliving teamed up to chat nautical decor (including BRIKA goods) on #StyleMatters! https://t.co/7‚Ä¶STM_Podcast,97,A reminder from your friends  @STM_Podcast: When hunting for Easter Eggs don't pick up the brown ones! #podernfamily https://t.co/c8Yq9dEsSWScroobiusHip,1371,RT @Alt_P_therapies: Too much chocolate today? It could leave you with a #headache so last week's #podcast just might help! #Hypnotherapy h‚Ä¶Campbell_JD_,3887,RT @agbiotech: Another podcast: A (Podcast) Conversation About Science Communication and Outreach. Listen if you have the time. 

https://t‚Ä¶dmatkins137,110178,RT @misanthropemike: @neilhimself I'm interviewing super-editor Ellen Datlow today, if some of your readers are interested: https://t.co/u9‚Ä¶lubomerkov,14788,@benjaminpugsley @jair1970 Also, just finished the statsbomb podcast episode. Great stuff, as always. Thank you for taking my question!brothascomics,8681,RT @Gunnascott: @brothascomics I love this podcast. I discovered it a week ago and already went through 10 episodes.TokyoLiftOff,129048,RT @ABagOfChipsmovi: My newest #podcast "Hollywood Hate Me" will give you some insight to,  #filmmaking https://t.co/R8hAY6durm https://t.c‚Ä¶Traveling_steve,43111,A problem with listening to a persons podcast, is that you see some connection with them that they are unaware of.TheGoldMineMG,4279,The New Podcast is up! @NateRichezzVIII Interview w/ The @EncoreRadioShow Season 4 Episode 2 (131) https://t.co/kjDtlcXhyW #MastersOfTheRoadTheGoldRushLine,726,The New Podcast is up! @NateRichezzVIII Interview w/ The @EncoreRadioShow Season 4 Episode 2 (131) https://t.co/bmCdJDZNpb #MastersOfTheRoadNateRichezzVIII,82941,The New Podcast is up! @NateRichezzVIII Interview w/ The @EncoreRadioShow Season 4 Episode 2 (131) https://t.co/K7sc7Oo5sM #MastersOfTheRoadRichezzTOUCHNYC,9460,The New Podcast is up! @NateRichezzVIII Interview w/ The @EncoreRadioShow Season 4 Episode 2 (131) https://t.co/pOUB5DmbJI #MastersOfTheRoadSandipSNambiar,2810,RT @RadioDiaries: In 1906, the @BronxZoo displayed a man in the monkey house. His name was Ota Benga. Hear his story on our podcast:
https:‚Ä¶thegiantist,146,Fired up about bringing @TheRealWillLink on board for out @OrphanBlack podcast! https://t.co/HCW0X11BInlilyellowcouch,2045,RT @ShopBrika: Wise words on @lilyellowcouch's #StyleMatters interior decor podcast - ft BRIKA items! Listen here: https://t.co/9K8SaTfehamrs_s92,608,@Thehistorychix Love Abigail Adams podcast &amp; that you pronounced Quincy correctly! However, it's "CharlesTOWN" &amp; battle is Bunker Hill.QualityKid,194,@DeanBokhari I thought your Podcast on Vision was very thought-provokinglivefit4life1,2729,Ep 82 - Summer's Coming, Don't Panic [Eat Intuitively] https://t.co/j27GfX4nSp via @livefit4life1MAM_Podcast,1427,@jscott1085 I had it in my honorable mentions. Hard to put a show that's still going in the top 10. -KGMykemyke44,25387,RT @bomani_jones: Thank you for listening to #TheRightTime you can get the podcast here https://t.co/yHU9Q9a2NSQuadFatherMft,24211,RT @truthisoutthurr: Case File 15-The Bermuda Triangle now available on Itunes https://t.co/l0AJmbHUgd 
and our website. 

Promo from @them‚Ä¶vroomvroomveer,4957,Can you be grateful and angry at the same time? @susiemiller5 #podcast http:https://t.co/W7NIaWupl1yoopersmith,8228,Can you be grateful and angry at the same time? @susiemiller5 #podcast http:https://t.co/hCHABsvFxPCommaBlog,4723,RT @fargolini: How to Hack Time with Tim Ferriss (not to be missed) https://t.co/W7mqyXOwgW via @foundrmag #podcastCricIndex,23805,RT @SimonBrundish: That's me saying @CricIndex is an awesome podcastavaoflondon,16,@joshwolfcomedy just discovered your podcast and it's really so good! Deep stuff! Loved Jen widerstrom and Thai Rivera interviews!Darrin_Bentley,78742,Stop Living Life on Auto-pilot! https://t.co/RFgRNRmuSU #success #inspiration #podcast #motivation #business #itunesdghirardi,14858,RT @JWilliamsEsq: Re-purposing your life. More in my interview on #CreativeWarriors #Podcast with @JeffreyShaw1 https://t.co/GLrWOq7L68neilhimself,93967,RT @misanthropemike: @neilhimself I'm interviewing super-editor Ellen Datlow today, if some of your readers are interested: https://t.co/u9‚Ä¶BabaBrownBear,798,Listening to Martyn Lloyd-Jones Sermon Podcast (The Essence of True Religion) https://t.co/NKAzK459P1hiiamahugenerd,1254,@KipBerman @andygreenwald In this super niche, non-existent podcast, can I be a guest for all St Denis Fair content?AirspeedPrime,4888,Avatar Online Podcast Episode 128 - avatarthelastairbenderonline: Morgan (Airspeed Prime) is joined by... https://t.co/ds74c4uLUpwarlorth,639,@TheGiantWaffle i take that back than, sorry. still want @Sevadus to set up the podcast so not all i hear is you, waffle.DinaKassel,920,RT @SamHarrisOrg: Ask Me Anything #4: https://t.co/w7lHVbealB
My thoughts on Brussels and other topics.
#WakingUpPodcast https://t.co/QMDIp‚Ä¶Ricky_Monsanto,20,RT @WAOK: .@MichaelRapaport remembers #PhifeDawg &amp; emotional moments filming Beats, Rhymes &amp; Life https://t.co/zoFDfZdnutQuadFatherMft,24211,RT @MikeyGeek: Episode 5 ‚Äì Megan Fox as the new Bond? ‚Äì Week of 3/30/16
In which the Geeks flaunt their inner Hitchcocks.
https://t.co/K8nV‚Ä¶PeterOKeefe1,1526,Hey @DougStanhope, @MikesLosers and I are headed that way to pick up the sound equip. was hoping to swing by and get on a podcastdisparate,21604,@cheryltunts ok but there was just a podcast where maron this week was like im seeing joanna newsomPharmacyPodcast,52158,Cassi Birnbaum https://t.co/a3fViejQHs Show is about the Business of #Pharmacy! Thank you for the follow. Send us a podcast idea.ohitsapodcast,827,Recording a brand new #podcast series tonight, And the Podcast Goes to. In this first episode we discuss the 2005 Best Picture nominees.LBtC_Podcast,18,Another reason why @piersmorgan is a legend #piersthelegendCommaBlog,4723,RT @Perez_Tomas: Tim Ferriss: Bestselling Author, Human Guinea Pig - How to Live in The Moment - https://t.co/FrCwb8y2e7 #iTunesSleimanSkaf,42948,RT @simonlporter: How is open source transforming #cognitive computing? https://t.co/bLkBbKKi0q https://t.co/h1qezC3JDzkalynna,175617,Small business #marketing https://t.co/Wjrr0q4HC9 on #ACTLocalMarketing #podcastDegreatomwanza,2445,RT @jeffreyshaw1: It's more important to manage your energy than your time. @MichaelJGelb shares how on Creative Warriors #Podcast https://‚Ä¶WAR_Podcast,3450,Surely @ThisIs_Progress has a World Title after WrestleCon then?? üòçFourColorPod,803,Wish you were listening to a #podcast at #wondercon ? BRAND NEW ISSUE of Four Color Commentary! https://t.co/NOdklouRiI #fourcolorcommentarynfordteacher,1302,RT @Philip_Britton: Excellent discussion about importance of arts and humanities in education https://t.co/MsFjrED0bZ https://t.co/wbSfmwJU‚Ä¶5amStartups,18097,RT @twentyminutevc: . @brankocerny reveals importance 4 #saas #enterprise #startups of millennial engagement https://t.co/ufOJUujEfu #vc ht‚Ä¶GagsTandon,72678,RT @SimonBrundish: An awesome worldcup, deserves an awesome podcast  https://t.co/jvmOG0zzIVweskateboarder,18210,b.a.t.s_podcast / We have joined forces with @jayded_zombie this special edition Tee! This is the second of two spe‚Ä¶ https://t.co/gUjkESOw4oweskateboarder,18210,b.a.t.s_podcast / Very excited to announce that we have joined forces with @jayded_zombie for this special edition ‚Ä¶ https://t.co/q0DmpxVd1QAIPChannel,2561,RT @SimonBrundish: An awesome worldcup, deserves an awesome podcast  https://t.co/jvmOG0zzIVmicahcohen,2495,RT @jodyavirgan: Traveling today? If you haven't listened to our @FiveThirtyEight Howard Dean podcast doc, it'll eat up 30mins for ya https‚Ä¶amberromaniuk,6462,Episode 20 of the No Sugarcoating Podcast is out now. Check it out at amber approved.ca and‚Ä¶ https://t.co/xRmJhGOU7ICBMovieTalk,3208,@johncampea What do you think about the Screening Room? You were going to talk about it on your podcast but never did. #TJCPNicholasMARTlN,31178,RT @highsnobiety: Want to know what 'FUCCBOI' really means? Then listen to our latest podcast right here: https://t.co/WLXgIdTB1Z https://t‚Ä¶AIPChannel,2561,RT @SimonBrundish: That's me saying @CricIndex is an awesome podcastStephenBaker8,26464,You could follow the podcast now at @TBFTpodcast and shoot questions at us there as well or use the hashtag #askTBFTdghirardi,14858,RT @magspatterson: #Digitalstrategy: how to create one for your #smallbiz ~ #marketingmoxie #podcast: https://t.co/g4YcXIZi4D https://t.co/‚Ä¶madisondotcom,70009,RT @madnewsboy: Podcast No. 2 is up and is about the struggles of La Valle, Wis. @WiStateJournal @madisondotcom #Wisconsin  https://t.co/ID‚Ä¶GagsTandon,72678,RT @SimonBrundish: That's me saying @CricIndex is an awesome podcastCommaBlog,4723,RT @vroomvroomveer: How to Live in The Moment #podcast via Tim Ferriss https://t.co/5T5shYjZ8YIntegral_Health,1022,IHR Podcast #16: Some loosely formed thoughts about the centrality of critical thinking in all walks of life https://t.co/MAFQdE5yegreal_sam_fisher,357,@joeshendry @joerogan @BrendanSchaub should give his podcast a listen if you don't already. The fighter and the kidNonCanoncrew,57,@MortisGhost Can we use Pepper steak for the intro for our podcast!!??wehaveahulkblog,1473,In our latest #podcast we review #BatmanvSuperman (contains spoilers!) #PodernFamily https://t.co/rv77MnU7Gc https://t.co/FbcjXrW634ka_moll,11522,RT @thegirlshour: Our 1st #podcast of #2016 check it out #media #share #HappyEaster @dapper_boi #lgbt https://t.co/1QZOYnoJzZSavvyCleaner,5971,#Podcasts Context Matters @briansolis @ChrisSaad https://t.co/zdABcKcNOZ #business recommended @SavvyCleaner https://t.co/GtqwJ4xjHaOatesMoustache,4546,RT @kenhalfpenny: @IAmJericho just ordered through @TalkIsJericho Amazon link. Hope it helps. The Podcast is brilliant. https://t.co/6vN1Ct‚Ä¶hotsy7,2463,RT @ChristiChat: üîπ@SheriffClarke
üîπFearless Podcast 
üîπAnytime On Demand
üîπhttps://t.co/naCuG8fBDA

#TCOT #HappyEaster https://t.co/HELmskizo8CommaBlog,4723,RT @yoopersmith: How to Live in The Moment #podcast via Tim Ferriss https://t.co/DEmWhNSUcbmarketingfeast,8352,Does Your Lead Nurturing Strategy Stink of Spam? [POD https://t.co/LJGM5Ce0NL #onlinemarketing #internetmarketing https://t.co/hfGHatniM0nafb1865,571,@markellislive @SchmoesKnow what is with the incomplete podcast in iTunes??MatthewSEsBot,5245,RT @paulkirch: Matthew Pollard  Shared how competing on price is an epidemic in business - https://t.co/7AMyzznuFi #iTunes @MatthewPollard_Connor_Kinnan,126,RT @highsnobiety: Want to know what 'FUCCBOI' really means? Then listen to our latest podcast right here: https://t.co/WLXgIdTB1Z https://t‚Ä¶iambrandonmw,7231,Great time meeting my guy @ShawnModel his podcast is very informative go check him out. #athletepreneur https://t.co/8DNOmrfPsPS4YA_podcast,99,@TheNightGallery @DAntion thanks for listening, Dan! Despite his self-criticism, Paul is awesome! I'm hoping he'll return for some more epsBreenKbab,35471,RT @kenhalfpenny: @IAmJericho just ordered through @TalkIsJericho Amazon link. Hope it helps. The Podcast is brilliant. https://t.co/6vN1Ct‚Ä¶HatleyClifford,107,RT @BardTimes: This episode we're taking a trip to Spain with Lope de Vega's Fuenteovejuna #podcast #GoldenAgeTheatre https://t.co/XMnMJvrI‚Ä¶Thee_LB53,112504,RT @ultsportstalk: #NowPlaying on https://t.co/FHSNRsxAAb. - @Thee_LB53 on @IESportsRadio - Three And Out #Podcastswargcoming,25285,RT @ChristiChat: üîπ@SheriffClarke
üîπFearless Podcast 
üîπAnytime On Demand
üîπhttps://t.co/naCuG8fBDA

#TCOT #HappyEaster https://t.co/HELmskizo8ultsportstalk,25036,#NowPlaying on https://t.co/FHSNRsxAAb. - @Thee_LB53 on @IESportsRadio - Three And Out #PodcastTalkIsJericho,8013,RT @kenhalfpenny: @IAmJericho just ordered through @TalkIsJericho Amazon link. Hope it helps. The Podcast is brilliant. https://t.co/6vN1Ct‚Ä¶evepeyser,13633,@zachheltzel u host a podcastsarah_goldust,1783,RT @Argyle_Empire: The @GabrielSeriesFP podcast explores #TheGabrielSeries by @sylvainreynard
https://t.co/vYQf1Hrls6misanthropemike,9794,@neilhimself I'm interviewing super-editor Ellen Datlow today, if some of your readers are interested: https://t.co/u97J92jIjfSimonBrundish,53239,That's me saying @CricIndex is an awesome podcastAviAryanRaj,45,RT @bigthink: THIS WEEK: An in-depth conversation with @brainpicker on friendship, modern anxiety, &amp; a meaningful life. w/ @jgots https://t‚Ä¶CBMovieTalk,3208,@johncampea What do you think about the Screening Room? You were going to talk about it on your podcast but never did.HypnoSolve,4054,RT @Alt_P_therapies: Too much chocolate today? It could leave you with a #headache so last week's #podcast just might help! #Hypnotherapy h‚Ä¶fortemick,3374,https://t.co/gLzChxPahU @joerogan love joe rogan podcast extremely entertaining and always learn somethingRickyriccardo89,15209,RT @StarkvilleShows: In case you've missed it: @CW_TheFlash lands on @supergirlcbs tomorrow and we're the only podcast that covers both! ht‚Ä¶SimonBrundish,53239,An awesome worldcup, deserves an awesome podcast  https://t.co/jvmOG0zzIVMatthewSEsBot,5245,RT @yourbossacademy: Matthew Pollard  Shared how competing on price is an epidemic in business - https://t.co/5As4UYNNfU #iTunes @MatthewPo‚Ä¶mab992,1397,My small but mighty podcast. https://t.co/zAmHu1E3kHpycior,1999,.@OTMBrooke's "Style Guide to Media Coverage of Cuba" segment for @OnTheMedia is hilarious, upsetting, and on point. https://t.co/mTdjeOokaysolo6772,86369,The REAL Enemy Within Us: https://t.co/G2r3dKsk7m #healthy #entrepreneurs #fitness #model #lifestyleTODDCastPodcast,37126,NEW #podcast feat/ @ToddDammitKerns @WHLGiants @Kubes20 @PlayboyTV @PsalmIsadora! https://t.co/rJL9VEKRuC https://t.co/sJv9cOsuYjmcconnelljamesp,4703,RT @ChristiChat: üîπ@SheriffClarke
üîπFearless Podcast 
üîπAnytime On Demand
üîπhttps://t.co/naCuG8fBDA

#TCOT #HappyEaster https://t.co/HELmskizo8laxmasmusica,101981,[PODCAST] Entrevista a Earl Slick, guitarrista de David Bowie:¬†https://t.co/57S9caYpBZ https://t.co/tY9t4c5ZvTGodChaserz,3484,#SXSW Recap | CHH News Blast | New Music | 16 Barz from the illest emcess | and much more on The GodChaserz Podcast
https://t.co/eZr33FSpJuHoeferle,37501,RT @Exec_Material: Just listened 2 Ur podcast interview w/ .@Hoeferle! Fascinating stuff .@TrishaCarter! Agree #Journaling is a powerful to‚Ä¶IAmBrinson,23955,#SXSW Recap | CHH News Blast | New Music | 16 Barz from the illest emcess | and much more on The GodChaserz Podcast
https://t.co/wTI3JSKHOOjeffreyshaw1,17850,It's more important to manage your energy than your time. @MichaelJGelb shares how on Creative Warriors #Podcast https://t.co/crmLy0dIFtHughesyTreble99,2073,@UnitedStandMUFC only an idiot would host a podcast going on like they know what's best.ErickGodsey,5190,Recorded my first podcast today. It'll be on the blog soon. Lol it's going to be interesting.PreviewReviewNY,49511,MPR Podcast Ep. 167 with guest, comedian Dustin Chafin https://t.co/8ATKZK8Lx2ComedyFanNews,46102,MPR Podcast Ep. 167 with guest, comedian Dustin Chafin https://t.co/tmwcRlVbfiWannabePress,6373,'Good luck exhibitors! May the odds be ever in your favor. #podcast #radio #live #event https://t.co/Cf0n2czHyb https://t.co/t6O1tiHi63stjohnsTG,217,Check out my latest #podcast https://t.co/4RVgqpGSU3 on #Podbeanjohnsonceleste,1689,RT @FullyPoseable: Before heading out to enjoy this #HappyEaster Sunday, don't forget to download the fullyposeable wrestling figure podcas‚Ä¶QuanticAngel,5529,What a heartwarming podcast, listening to such great voice actors share a magnificent experience is completely emotionalArdenSportsTalk,86714,I know, I told you this last night but man your set was good! Would love to have you on my podcast this spring! https://t.co/aGcMfpiX8nyourbossacademy,811,Matthew Pollard  Shared how competing on price is an epidemic in business - https://t.co/5As4UYNNfU #iTunes @MatthewPollard_paulkirch,2300,Matthew Pollard  Shared how competing on price is an epidemic in business - https://t.co/7AMyzznuFi #iTunes @MatthewPollard_CraigA8M,401,RT @vvanedwards: How to Read People Like a Book (podcast): https://t.co/mGZ9hxvwRR https://t.co/nWWD37WrqHCroydonRadio,54281,From the #Croydon Radio Archive: Causes &amp; Campaigns - Nightwatch, Homelessness Charity @markjpick ~ https://t.co/lZyHPLcirmKickstarterUniv,934,'Good luck exhibitors! May the odds be ever in your favor. #podcast #radio #live #event https://t.co/5v5ZyA0SSA https://t.co/S5pQuzLFPYSUNJUNKIM2,29,Check out my latest #podcast https://t.co/Hyhn6O10tm on #PodbeanMishMshdPotato,7083,@NPR Can you make the ads on the podcasts the same volume as the rest of the podcast? They wake up babies.russellnohelty,12943,'Good luck exhibitors! May the odds be ever in your favor. #podcast #radio #live #event https://t.co/O05RdqPUEc https://t.co/gm4NlGmepfOverDriveLibs,22078,Find all the book recommendations from our most recent Professional Book Nerds podcast right here: https://t.co/fkjZmAjQ41GOPFloridaMan,311,RT @RedAlert: Podcast: @RyJamesG explains How Donald Trump could unite the Republican Party
https://t.co/bMROSHbbTp https://t.co/J3Vi5pH7brTheSeigeDFS,16066,@RayBay30 next podcast is tonight if that's what u meant1815business,23783,One Trick to Making Customers 2.5x More Likely to Buy From You https://t.co/DXxRL0XOtE #pr #entrepreneur #business #media #smallbiz #authorLegendaryLifeP,32987,Why leaving your comfort zone can be so rewarding https://t.co/DMrMLvvp9N #lifeskills #success #setting4success #lifegoalsbigtimemedia3,8774,This Week In Startup

https://t.co/yZIMtivG9a

#startup #podcast #tech #socialmediarain_keltoia,6062,I liked a @YouTube video from @historybuffs_ https://t.co/hv5eNM5uSY HB Podcast: Guns Germs &amp; Steel October 19thOatesMoustache,4546,RT @_CiaranMcManus: @WWERobinson loved your podcast with @TalkIsJericho, great insight into what being a referee is like #littlenaitchAustinTheWhale,76,@stampylongnose Why does the podcast have Minecraft? Then just audio? Did you switch them on purpose back and forth?hollye83,101297,Yeah, I've tried to keep my hetero mouth shut after we covered some stuff on the podcast.  https://t.co/Owmpry0TOdsexynerdscience,258,RT @AllAboutTesla: [Podcast] Sizing Solar Arrays for a Busy Tesla Supercharger https://t.co/04feYxtq7o https://t.co/CWynnITCV2ramospedro8231,918,RT @highsnobiety: Want to know what 'FUCCBOI' really means? Then listen to our latest podcast right here: https://t.co/WLXgIdTB1Z https://t‚Ä¶CricIndex,23805,RT @AIPChannel: The @CricIndex Podcast: #KingKohli 

With @AmitKohli100 @AnalyseSport 

Listen: https://t.co/iVjZGj1uAj https://t.co/RAuYKi‚Ä¶RabidReaders,52057,RT @rosspayton: Microsoft made a¬†chatbot that tweets like a teen - theverge: Meet Tay, Microsoft‚Äôs¬†‚ÄúAI fam from the... https://t.co/pNaqTdO‚Ä¶Dan55645,4261,I listen to #The KrisAnne Hall Show on #gcnlive.com https://t.co/WEKRAaekJXkatwomanfifi,51636,RT @Mannifresh25: @HamillHimself I'll send you 1k to call into my podcast. Just let me know where to send it to.laureningram,52924,I need podcast recommendations pleaseAirspeedPrime,4888,Avatar Online Podcast Episode 128 - March 27th 2016

Myself, Greg and Lauren discuss K204 Civil Wars Part 2 

https://t.co/Afd9Lc8EGtawnlineawnings,300,Check out @BillWalton new book! Heard him on @WojVerticalNBA @TheVertical podcast. Miss you on grateful Dead radio. https://t.co/lF01znO0IiPacoGarcia,572,@joerogan your next podcast can you talk about legit people like Alexander Karelin or Cael Sanderson, and weird characters like Emin BoztepeNinaKauser,39939,RT @AIPChannel: The @CricIndex Podcast: #KingKohli 

With @AmitKohli100 @AnalyseSport 

Listen: https://t.co/iVjZGj1uAj https://t.co/RAuYKi‚Ä¶otherjmac,68031,@PresidentGlover (mostly Hollywood-based) pop culture history podcastcinebeth,15625,.@IDWPublishing Cinema Junkie podcast speaks with Ted Adams about #WynonnaEarp https://t.co/DrK8A7Vhfitmqpdx,874,@thethermals @alex_falcone @read_weep I'm confused. I thought this podcast was about bad movies???ClaudioGask,30,My new Podcast for TATAKAI is available now :-)

https://t.co/PRzP1IIzrRjason_yingling,8572,Starting a podcast with @WordPress? Check out my theme, The Pine. https://t.co/f9oi460keBjamesacewitham,7721,RT @downandnerdy757: #AssassinsCreed and #SplinterCell to become movie franchises? #movie #Videogames https://t.co/rFuWmbVpEXWorldVr,15081,RT @Pure_VR: #itrl podcast goes live today at 530PM EST @apieceoffruit joins us to talk about the impending release. #vrjamesacewitham,7721,RT @downandnerdy757: Is #Nintendo stopping production of WII U? We have the latest! https://t.co/rFuWmbVpEXukivall824,1501,Shaoe a link to yoer podcast.jamesacewitham,7721,RT @downandnerdy757: How many end credit scenes will #CivilWar have? Find out! #Marvel https://t.co/rFuWmbVpEXTheJumpIn,45,The Jump In Podcast Full Episode 5: https://t.co/G5JUFqpiej via @YouTubeSuzeMarsupial,24850,"only a man could have come up with [the word] blowjob. it's really an alienated from yr own labour sort of concept" https://t.co/qLQp3tcdcwdan_kuschell,5723,My entire career has been built on delayed gratification. https://t.co/hXWfcidQOm https://t.co/mI5f1z8nT5GagsTandon,72678,RT @AIPChannel: The @CricIndex Podcast: #KingKohli 

With @AmitKohli100 @AnalyseSport 

Listen: https://t.co/iVjZGj1uAj https://t.co/RAuYKi‚Ä¶_OliviaMunoz,611,Catching up on @LatinoUSA podcast's 'Heroes of Rock &amp; Roll.' Getting my life! #?andTheMysterians #MichiganChicanos #96Tears @Maria_Hinojosawiretaprecords,1572,@SpanishLuvSongs sat down with @MySceneMyRules Podcast to talk about the album, plans for 2016, the LA scene + more https://t.co/06G4nzYgMmDiannePlatt3,26,RT @SidCPsGriffin: My best podcast! Hear rare Neil Young, 2 UK female future stars, Long Ryders box set, via https://t.co/n2EjudiMPQ https:‚Ä¶Kenversations,2547,Hear &amp; discuss the latest #TheSweepSpot #podcast at MiceChat https://t.co/16C9Tobrz2 #Disneyland #Disney #themeparks #Anaheim #tourism #jazzLeadSuplex,37,One week from #Wrestlemania and we‚Äôre dropping the latest podcast: it‚Äôs all about heels: https://t.co/kPtipM1tJU https://t.co/1HeNS7bfMQSoFound,3382,@NoMalice757 and @icemanspeaketh Good stuff on the REinvision podcast!!!EstacionIndie,4218,He publicado un episodio en #ivoox "1x06 Station To Station 2016-03-28 New Romantic" #podcast  https://t.co/TYVbFoTqB9lorabruncke,267752,RT @alteredboyak: our latest podcast: GEO-ENGINEERING: Missing Link in Globalist "Climate Change" Agenda? https://t.co/qLe7aHXGRW #DaneWigi‚Ä¶tmandry,741,Most of the $1B in 2014 Super PAC money in was contributed by just 195 people. Holy crap.

https://t.co/1H1MIusAaa https://t.co/jWVCAfQ3deCekil1,24,RT @HistoryBuffsNH: Next #talkingvikings podcast out tomorrow!!! Here's a pic with me and the fantastic @maudehirst who plays Helga :) http‚Ä¶Romkiou,111,RT @agentbizzle: Podcast Beyond reacts to Batman v Superman: https://t.co/gdvixAOJNSBradBallisLife,20689,@joerogan &amp; @Max_Kellerman would be epic podcastjupiterjulep24,17700,Listening to The Corner Podcast's"The Bet on Reigns to Choke Out Katt &amp; Walk-off Like a Midnight Marauder' Episode feat. Vegas Dave." #podinOnaterdem00,16395,RT @HellbergMusic: Time to prepare like four long ass episodes of some podcast cause I'm 'bout to try and make my laptop as usable as my PC‚Ä¶giddy1313,27758,RT @PodbrosNetwork: The AB Film Review take on #BatmanvSuperman! Did they like it or hate it? Listen to find out! https://t.co/yX9hjjPjDQ #‚Ä¶javierpapinica,14442,Me listening to abdallahs organic chemistry podcast... #wtf  https://t.co/k8HWZaCNPXPodcast_DC,6127,RT @diggy0383: Target, closed. Hooters, closed. Chipotle, closed. Pet Supplies Plus OPEN????kp00le,4366,RT @Team140MTLQC: Podcast retrospective with guest @jasethirlwall and @Jon_Naylor https://t.co/LF2gjg4nqx #team140mtlqc #podcast #techtranceTalkIsJericho,8013,RT @_CiaranMcManus: @WWERobinson loved your podcast with @TalkIsJericho, great insight into what being a referee is like #littlenaitchJohnMfranzen,992,@ColeMcNeely then becoming one of 100 senators, not 1 of a million morons with a blog and a podcastjaredsabido,41079,RT @highsnobiety: Want to know what 'FUCCBOI' really means? Then listen to our latest podcast right here: https://t.co/WLXgIdTB1Z https://t‚Ä¶otherjmac,68031,Started listening to the podcast You Must Remember This &amp; am now addicted to itCardboard_VR,25161,RT @Pure_VR: #itrl podcast goes live today at 530PM EST @apieceoffruit joins us to talk about the impending release. #vrTommyKru06,3549,ICYMI @whyhockey Podcast : #Sens &amp; Karlsson, #Flyers Laying Down the Rug to Pull Out From Under You. #NHL https://t.co/iUAFaj3VD3RobboDazza,10282,@ThePopZone Hi I am sending you a link to my podcast all about Kylie I hope you enjoy listening.  https://t.co/WHUUxUXmuyChrisN_No,116488,RT @49x365: Sunday podcast going up tonight. What do you want to hear us talk about ?deadartists,15367,Hear him tell me it's good without telling me the plot: https://t.co/Mymnigbxcx on #itunes #playerfm #stitcher and other podcast platforms.ItsBRob,43215,RT @NWACCW: Just announced, @Garrett_F_W will be launching his own podcast. More info ‚û°Ô∏èhttps://t.co/UBcTYFFwwBcowyank,10610,@Shannon_PG @HiddenYardage @josh_ellis11 @HelmanDC good news have spread word at least 13 listeners will follow next podcast #givejosh70$hayatti10,7496,RT @ChristiChat: üîπ@SheriffClarke
üîπFearless Podcast 
üîπAnytime On Demand
üîπhttps://t.co/naCuG8fBDA

#TCOT #HappyEaster https://t.co/HELmskizo8cinebeth,15625,Podcast 68: WonderCon 2016 And Comic-Con HQ https://t.co/Ad1cFZ6FPI via @KPBSnewsemily_dawn,5962,@PITAC_Podcast Once I feel this good about the opening chapters I will let you read. üëçjcollison,11592,@mkleczynski saw your lifehacker interview. you do podcast interviews? Love to tell the story to our listeners at https://t.co/tp1gLeFQGEiceman_ex,23309,Time to do that podcast @ccpractitioner ... https://t.co/f3v9X5uIQvAIPChannel,2561,The @CricIndex Podcast: #KingKohli 

With @AmitKohli100 @AnalyseSport 

Listen: https://t.co/iVjZGj1uAj https://t.co/RAuYKiZpbBDANHUDSON,8068,RT @imjamesbarr: What happens to @Poundland if we vote yes? üá™üá∫ #EuroLand #Brexit 

@DANHUDSON @gaynongay https://t.co/K4HvRQg3z4PittInjury,4391,@dannyodwyer I am so glad you all are looking in to more podcast goodness! i can really only catch the Lobby on my commute now.SirJSmooth,44975,RT @_BoysWillBeBoyz: IF YOU LIKE OUR PODCAST PLZ TAKE A SEC AND GIVE US A 5 üåü ON ITUNES LIKE NOW B https://t.co/Fw2q71gifSstuffineverknew,253,Check out our most recent episodes at https://t.co/bTGTowoh0D.  We are a weekly trivia podcast! https://t.co/29NpnQgCWQcmwealth,85614,Learn some processes to think bigger &amp; how to implement that into your business! Listen: https://t.co/pIeHcWBeQ0 #podcast #smallbiz #successajclassic,26070,RT @blahzemisfits: my client @artschooldrop totally slaying @_boyswillbeboyz podcast, exercising his 1st amendment right for #theculture.erickabakoff,19714,My 3/25 interview with @eradiosports, talking #MLB parks and my book! https://t.co/Sa6YjCaPmy (link works best on desktop)NWACCW,405,Just announced, @Garrett_F_W will be launching his own podcast. More info ‚û°Ô∏èhttps://t.co/UBcTYFFwwBLivehiphopdaily,10043,#LiveHipHopDaily #podcast | #Repost @thejuiceboxlive
„Éª„Éª„Éª
Catch @Tsunami_FTS on The Juicebox üí¶üçπ‚Ä¶ https://t.co/kc6tPI1GdzTSM_ContMark,24850,Social Media Marketing Influencer Blogs Reviewed - The Traffic Generation #Podcast https://t.co/n30RO6hzGJrickrosset,6136,My Year in Media - February 2016 - 2/1 - Cartel Land 2/3 - The Bill Simmons Podcast Episode 59 with Cousin... https://t.co/RaBDXciWNhDiannePlatt3,26,RT @HannahRosePlatt: What an honour to be included in @SidCPsGriffin latest podcast!!! Listen below, it's a wonderful show Ûæ†î‚ò∫Ô∏è... https://t‚Ä¶ajclassic,26070,RT @_BoysWillBeBoyz: IF YOU LIKE OUR PODCAST PLZ TAKE A SEC AND GIVE US A 5 üåü ON ITUNES LIKE NOW B https://t.co/Fw2q71gifSNoodlez_88,14407,RT @ATTW1_music: But srsly, listening to @TotalMusicSnobs latest https://t.co/Qklq9gcb2G üíúlistening to these dudes! Fun+informative. #sound‚Ä¶jwilliamsonair,8263,@MeliahRage @WrestleMania He already did, but this is all in good fun.  The podcast I contribute to quotes him often, so I don't hate him.JoshSabarra,15325,RT @PornAgainBook: Grab your basket! The @PornAgainBook #podcast @weplayradio &amp; @iTunes is the perfect #Easter treat. #sex #LGBT #gay https‚Ä¶CalvinistBatman,15537,RT @Julia_Full: @CalvinistBatman Been listening to you on Thesegoto11 podcast. Our reformed continuationist UK church this morning: https:/‚Ä¶ssalmon40,2230,Understanding the Legal Side of Online Business, with Jo-Na Williams. https://t.co/lcU6trRGBH via Chris Ducker https://t.co/Dc6UVUbRv1rosspayton,9686,Microsoft made a¬†chatbot that tweets like a teen - theverge: Meet Tay, Microsoft‚Äôs¬†‚ÄúAI fam from the... https://t.co/pNaqTdOuaKCAllenHarris,13713,RT @ThrillingAdv: Did you know Paul &amp; guests perform stuff live that's not in the podcast? Attend and find out what! https://t.co/sNOq7SJKadFestivist,8028,Podcast 68: WonderCon 2016 And Comic-Con HQ - KPBS https://t.co/lDOLXOjsFTianovaya,27552,üì∑ guardian: ‚ÄúWhat would a feminist do?‚Äù is a new weekly podcast from The Guardian | Listen here In the... https://t.co/dywMKC8oZqGeekdomo,32248,@HamillHimself Want to come on our StarCitizen podcast? Would love to pick your brain about Squadron 42 filming &amp; Chris RobertsBreakingNewsPR,2664,RT @JoshSabarra: Grab your basket! The @PornAgainBook #podcast @weplayradio &amp; @iTunes is the perfect #Easter treat. #sex #LGBT #gay https:/‚Ä¶BreakingNewsPR,2664,RT @PornAgainBook: Grab your basket! The @PornAgainBook #podcast @weplayradio &amp; @iTunes is the perfect #Easter treat. #sex #LGBT #gay https‚Ä¶mab992,1397,Introducing: Season 1 of the "Unpeeling the Onion" Podcast https://t.co/IEtvNLLfI6kalynna,175617,Small business #marketing https://t.co/Ogse7JZSqc on #ACTLocalMarketing #podcastzenelaj66,5133,@greedforilm get him on the podcast!jarek_pawel,54149,RT @IrishTimesAudio: Podcast: 1916 Rebel song special w/ @RMcGreevy1301 @fotoole / Listen &amp; subscribe here: https://t.co/7Ez3rRzRfe https:/‚Ä¶SolidRecs,64311,RT @lucylee411: Here is the Silver Bullet of #Sales &amp; Selling 
Please do NOT Share this episode it is Top Secret
- https://t.co/90Y4RzZOKP ‚Ä¶PornAgainBook,4027,Grab your basket! The @PornAgainBook #podcast @weplayradio &amp; @iTunes is the perfect #Easter treat. #sex #LGBT #gay https://t.co/KP8lXYMtWMcullenthecomic,19767,Episode 38! @realgoodshow! I call in briefly from tour! We have a ton of unreal guests! They‚Äôre all weirdos! https://t.co/YLUHldXqSfTeam140MTLQC,6206,Podcast retrospective with guest @jasethirlwall and @Jon_Naylor https://t.co/LF2gjg4nqx #team140mtlqc #podcast #techtrancedevindthorpe,17310,ICYMI: #371: Social Impact Venture Investor Shares Three Insights For Entrepreneurs
https://t.co/4r1Lm6GCNo
@NancyPfundDBL
#podcast #itunesmysocialgood,6670,ICYMI: #371: Social Impact Venture Investor Shares Three Insights For Entrepreneurs
https://t.co/dSPDrRs06Y
@NancyPfundDBL
#podcast #itunesdeadartists,15367,Listened to @LukeIbbetson's advice about The VVitch that he gave me on the last @FilmageddonQuiz podcast. It was good. He was right.ThrillingAdv,11238,Did you know Paul &amp; guests perform stuff live that's not in the podcast? Attend and find out what! https://t.co/sNOq7SJKadPornAgainBook,4027,RT @JoshSabarra: Grab your basket! The @PornAgainBook #podcast @weplayradio &amp; @iTunes is the perfect #Easter treat. #sex #LGBT #gay https:/‚Ä¶Cherish_Desire,36595,RT @warriorgrrl: Perfect musicky podcasty listening goodness to accompany cooking up a storm: Todd Rundgren interviewed by @marcmaron https‚Ä¶BuschLeagueNY,17102,Here‚Äôs your periodic reminder to subscribe to the PFT Live podcast https://t.co/ZsI4y7pRqNJoshSabarra,15325,Grab your basket! The @PornAgainBook #podcast @weplayradio &amp; @iTunes is the perfect #Easter treat. #sex #LGBT #gay https://t.co/kJcQLVjTJNStrideNSaunter,11817,@garykline131 Of course! Will Stitcher do? https://t.co/6BhBvLXUynJessBridgeman,23616,@gingerboyo thanks for sharing m'dear! Let me know what you think of first podcast :)KipBerman,1804,@andygreenwald if you ever wanna do a podcast devoted entirely to Rosemont Borders shoutouts (RIP), The Main Line and Felt I'd listen!_TOUGH_GIRL,33149,Love #racing #rallying? Listen to @JadePaveley on the #ToughGirlPodcast

https://t.co/xMZAdrDRd0 https://t.co/LNtBoLXWbLTroyEricG,10587,At this point I am convinced that @squarespace is actually a podcast company that makes website templates in its spare time.JackBarr96,351,Me and bro @SengaFantouche recorded the first podcast of https://t.co/TgUzOtntGF, a comic-book review and discussion website today.oxfordastrology,10542,RT @HevMelissa: Podcast: Obama in Cuba, Roundheads vs Cavaliers, Rebellion, and... https://t.co/KIeiPXbfnq  always great #astrology via @ox‚Ä¶solo6772,86369,How to find your Business Genius: https://t.co/zIeAQWk7cd #marketing #startup #business #coaching #entrepreneur #smbtaucher_dj,3551,New Basement - Podcast 011 - Dj Taucher by NewBasementRecordings via #soundcloud https://t.co/u7N9aOZtWXthegreatmoe,21350,@IAmJericho hands down had to my favorite podcast in awhile @StardustWWE &amp; @XavierWoodsPhD so hilarious. Jericho those names were so funnyhuffduffer,174667,‚òû Nerdist Podcast: Jack Dorsey, Ev Williams and Biz Stone | Nerdist https://t.co/x7PLy0jM9eMaryEPritchard,34407,Why self-love is crucial to reclaiming Body Love and taking back your life https://t.co/p7aIVal7opHaroldGunn,150,Listened to Texas Outdoor News for March 19, 2016 from Texas Outdoor News's podcast @Stitcher https://t.co/XZWMgsJCMksecuritycast,92298,#onair 

SANS Internet Storm Center Daily Network Security and Computer Security Podcast: ISC StormCast for Friday, March 18th 2016

 http:/funescapecast,10691,@vickybeeching can we connect for a podcast my friend I want to pick your brainJohnARoome,51,Weekend #podcast: @CIF_Action is financing Concentrated #Solar Power projects in many regions, including #Morocco: https://t.co/59NA32u9dRTalkRadio1210,34427,.@DomShow1210 talks with Tom Crone from the Camden County Cruz Crew. https://t.co/Dhjqinxksydoctible,346,Do you know how each #presidential #candidate wants to improve #healthcare? This #podcast will get you up to date: https://t.co/gT1a1WtVpZKevinGantt,9360,RT @ScubaSteveSpray: For those who want to invest their money to make it big - download this podcast @GrantCardone @robertsyslojr https://t‚Ä¶3dx360,279,RT @Pure_VR: #itrl podcast goes live today at 530PM EST @apieceoffruit joins us to talk about the impending release. #vrKemiEgan,14496,@vlhawk7 is #podcast https://t.co/2poPkuR4vf to share about her success as an #expert #business coach https://t.co/LwmNr4FuP4LBtC_Podcast,18,RT @SamuelLJackson: Got my Royal Box on at Wimbledon today! Great match! http://t.co/AKTqb7GZnM1715newpod,34885,Why Fast Growing Companies Aren't For Every Biz Owner https://t.co/tKmv9LxYv2 #startup #business #profit #smallbiz #entrepreneur #onlinebiz2215youpod,16049,Simple Tricks to Provide Value on Instagram - https://t.co/TtkclQ8lZQ #onlinebiz #onlinefans #community #socialmedia #businessMallieRydzik,34766,Ditch your perfectionist mindset to thrive as an #entrepreneur. Listen to my interview with @jonnastor https://t.co/50cShQNpaW #podcastIRONSHIELDFP,16086,#caledon #financialadvisor [FREE PODCAST] 8 Myths of #LongTermCare #Insurance. https://t.co/Tv0hOn4FfMj_pass3,7628,@MichelleDBeadle Just Listened To Your Podcast For The First Time, Great Show ‚ù§Ô∏è. 

Wish If Was On The ESPN Radio App üò™.lucrecerbraxton,27580,|REPLAY| Hello Friend Podcast featuring @IAmLovelySinger, Lydia Harrell... #katch #Periscope https://t.co/pmrD5ljQUn https://t.co/DuKefdAT94youngmekkamek,2142,RT @Rosenbergradio: Out of he gate I wanna have one  of the biggest sports pods in the world (another one) ..Will you subscribe now? :) htt‚Ä¶CarlyJuve,890,RT @kylemalnati: @EntreLeadership I love giving @DaveRamsey books to clients/guests on my #podcast. Especially when they are authors! https‚Ä¶sogallifrey,505,The adventure, narrative, &amp; world building are masterful. #TrekkerTalk is a polished fan podcast supporting the book https://t.co/9JsteiVOsDcauhboi,2665,Totally loving this podcast. It's like Loveline explains the Bible. https://t.co/g6Jm4yDUxSKatLoughrey,9937,Cooking dinner, listened to @divineyoganista on @UnmistakableCR on unleashing your inner CEO. https://t.co/XdfhmLogI9 Keen to hear again! üôèTheSitcomClub,793,Next time Gary says mention of Abel Gance doesn't belong on a comedy podcast, remember this. https://t.co/Pkl51r40FeAceMc122,44858,I liked a @YouTube video from @globalredstv https://t.co/HXI78zc0yZ The First Podcast! | #1 | Manchester Unitedreplaymag_de,14249,New favorite Dana Ruh - 20 Years Cocoon Podcast by @groove_mag https://t.co/Akrfsc4tpZ on #SoundCloudAfaque_Quadri,1136,RT @agentbizzle: Podcast Beyond reacts to Batman v Superman: https://t.co/gdvixAOJNSyoopersmith,8228,How to Live in The Moment #podcast via Tim Ferriss https://t.co/DEmWhNSUcbvroomvroomveer,4957,How to Live in The Moment #podcast via Tim Ferriss https://t.co/5T5shYjZ8YPengxor,9386,@AngrilyHumming @superiorshoe DID SOMEONE SAY HORROR PODCAST?hulacoops,510,When you realise your music's been used in a podcast in America and it's on iTunes and stuff. Like. Ok. What. #karmachamelon #pondhoppermzk90,50107,RT @GoonerRamblePod: [NEW] #49 - BSM &amp; SheWore Special 
Should we target the tv companies on fixture changes?
https://t.co/8s0QMa78tZ
https‚Ä¶DJ_Folken,980,A new favorite: Rinse FM Podcast - Josey Rebelle - 27th March 2016 by @rinsefm https://t.co/f1UGQcpkRl on #SoundCloudPure_VR,696,#itrl podcast goes live today at 530PM EST @apieceoffruit joins us to talk about the impending release. #vrtwentyminutevc,2885,. @brankocerny reveals importance 4 #saas #enterprise #startups of millennial engagement https://t.co/ufOJUujEfu #vc https://t.co/W7LCS3Upxgrandywilburn,2631,@arelmoodie great podcast with @grantbaldwin on speaking and reaching your audience when just getting started. Excellent advice and tips.ZaidAlShaddadi,203,RT @sabinestaggl: Looking forward to listen to the Quiet Podcast with @susancain https://t.co/XixUyLvpNp #introvert  #QuietPodcast #Rethink‚Ä¶kerriprx,2943,Catching up on the insights of @aragusea on the pub, appreciating @currentpubmedia podcastConnachtClan,17211,RT @craggyrugbypod: Podcast out tmw morning. Bank holiday or no bank holiday!FBasketballNews,10857,Red Rock Fantasy Basketball Podcast ep. 548: Everything's Coming up Millsap https://t.co/voDNIiApzxBranavanKandiah,33,@solomonster where is the wrestling time podcast? I could not find it on podbean or google.atruedrwhofan,77730,@Whos_He_Podcast I read that recently and just love the first Brrig scene as he secretly thinks all his men are laughing at him in a kilt!jimmymacleod,631,RT @dash_audio: @politiken have some great NEW content available on Politiken Podcast App. Checkout the AppStore! https://t.co/H49VxnqYjhMannifresh25,89529,@HamillHimself I'll send you 1k to call into my podcast. Just let me know where to send it to.thedrunkendork,15128,RT @thegooncast: new episode tomorrow. catch up

iTunes https://t.co/aflOxncFUw
Direct DL https://t.co/ljTHn4S61y
https://t.co/YQjQwEOHkX

‚Ä¶RonanB,4485,RT @craggyrugbypod: Podcast out tmw morning. Bank holiday or no bank holiday!thedrunkendork,15128,RT @AngelsFreak7: #HappyEaster The #UltimateCrossover w/ Couple Things #podcast &amp; Dark Angels &amp; Pretty Freaks is here!
#PodernFamily

https‚Ä¶imoristar,11369,I liked a @YouTube video https://t.co/oGzRotpEq9 ‚òïLetsTalk Podcast‚òï #8 "New Challenger! ImoriStar"thedanseamarks,11849,RT @imjamesbarr: What happens to @Poundland if we vote yes? üá™üá∫ #EuroLand #Brexit 

@DANHUDSON @gaynongay https://t.co/K4HvRQg3z4capebreton1973,379403,RT @MMAViewpoint: Check out our chat with @corinaherrera89! On YouTube: https://t.co/7v5I9whNnz    On iTunes: https://t.co/k317Lx5sqW https‚Ä¶slegames,4529,RT @boring_as_heck: It's Episode 38 of @RealGoodShow! Monster trucks! Racism! The Joker! With @edzitron, @BronzeHammer, &amp; @ByYourLogic! htt‚Ä¶crisperchicklet,13379,@PaulCToF I was inspired by a recent vlog/podcast I subbed to.  It's mostly knitting, but fun!PasterdsPodcast,81,Happy Easter!
Don't forget Episode 005 is up! Is the Church Relevant?
https://t.co/M2Yk9PlpLw