iCONtips,101652,...it's gotten to this point @Beyonce! they are all worried. Help them! üòÇ #Beyonce #Siri #SaveTheKingdom https://t.co/0JPks1EZe5rxchrd,21686,RT @hollery: raise your hand if you've ever been personally victimized by Beyonc√© waiting to drop her new album. #B6 #Beyonce https://t.co/‚Ä¶celebedition,14173,#Beyonce addresses perfectionism in new interview

https://t.co/bje1prnkyW https://t.co/kS6sUEH4IhAddicted2Candi,21469,||| F O U R ||| beyonce looks smoking! Love her hair! #beyhive #beyonce #jayz #thecarters #wiwt‚Ä¶ https://t.co/b4w71GlgPqBritTreadway,1349,Alright. There's another hour and eleven mins left in today. *pretending to wait patiently* #Beyonce #b6 #bey https://t.co/QvRvzp9gRyBeyonce_Watch,319014,‚ù§#Collectible #Celebs 2 TICKETS #Beyonce SOLDIER FIELD CHICAGO IL 5/28 #Auction #Cheap‚Ä¶ https://t.co/2AxP3rIK7m https://t.co/pObEXBmJagblkchninstitute,35319,Microsoft, R3 partner to accelerate Beyonc√© technology deployment https://t.co/BUJ4s5use3 #Beyonc√©JonesCameryn,1347,RT @MusicNewsOne: 1 year ago today, #Beyonce released "Die With You" as a TIDAL exclusive. https://t.co/U7M7wm2RhPMUAHCoupDeGrace,8912,RT @lailamuhammad: When you nail that #Beyonc√© move #slay Directed by @MarqCotton @BuckeyeBond83 The reason behind it Tues at 11 @WTKR3 htt‚Ä¶drkcocomilkyway,233,@rhurt5624 üòè I'm stupid u have to spell things out in formation #Beyonceuser4658,33208,RT @rowdyydanny: Potentially new music from Queen Bey tomorrow &amp; Jlo Thursday... Don't tease me ladies!!! #Beyonc√© #JLo #Slay https://t.co/‚Ä¶deanvincent84,3732,TELL ME, WHY DON'T YOU LOVE ME?? #BEYONCEBey4Hive,6582,RT @MusicNewsOne: 1 year ago today, #Beyonce released "Die With You" as a TIDAL exclusive. https://t.co/U7M7wm2RhPKhadijaAbiriya,690,#8Years #bonnieandclyde #Jayonce #HappyAnniverseryCarters #JayZ and #Beyonce #WeddingAnniversary beyslayy's video https://t.co/Zr64ef8F3WBeyonce_Watch,319014,‚ù§#Fashion #Perfume #Beyonce RISE Eau de #Parfum Spray, 1.0 oz Spray #Buy #Shopping‚Ä¶ https://t.co/vOCNFgBCKi https://t.co/93iX5m2zFeBeyonce_Watch,319014,#Beyonce #Music Lady Gaga-The Fame Monster ( 2009) Beyonce~Bad Romance~Alejandro https://t.co/NXTLzJUAcEBeyonce_Watch,319014,#Diet #Nutrition 5 Common Mistakes to Avoid for Healthy Weight Loss https://t.co/efelyZ8PLy https://t.co/qaqSrLTaTe #Beyonce #Fatlossantjohnson81,1451,As Queen @TsMadisonATL1 would ask. I'm asking the hyve. #Beyonce might drop this album we can't sleep yet üòÇ https://t.co/UKhEPD2l0Nnykitacabree,11813,if I go to sleep and something happens...üôÑüôÑüôÑ #BeyonceBuddhapple,3896,#COMECREATEWITHILLBADAA CLICK THIS LINK https://t.co/iKaqqlNS2E #beyonce #DRDRE #OLDSCHOOL #DANCE #FUN #MIX #SPRING #KANYEthugyonce,61584,RT @MusicNewsOne: 1 year ago today, #Beyonce released "Die With You" as a TIDAL exclusive. https://t.co/U7M7wm2RhPblkchninstitute,35319,Banks commit to Azure cloud as Beyonc√© platform https://t.co/VIGSupIrQZ #Beyonc√©ErleeEnt,6113,weareivypark s_c_official beyonce @beyoncelite @santamonicaplc @nordstrom #IVYPARK #BEYONCE‚Ä¶ https://t.co/DbE914uUWcthisisjvke,2942,RT @MusicNewsOne: 1 year ago today, #Beyonce released "Die With You" as a TIDAL exclusive. https://t.co/U7M7wm2RhPMusicNewsOne,163,1 year ago today, #Beyonce released "Die With You" as a TIDAL exclusive. https://t.co/U7M7wm2RhPBeyonce_Watch,319014,#Fashion #Style 2 #Beyonce Tickets 6/5 PHILADELPHIA Lincoln Financial‚Ä¶ https://t.co/TRy8JPgg86 #Collectibles #Deals https://t.co/ltCbo0hUwbBeyonce_Watch,319014,#Collectible #Celebs 2 #Beyonce Tickets 6/5 PHILADELPHIA Lincoln Financial Field, SECT M11 https://t.co/9PmrBxPxJl #Auction #CheapBeyonce_Watch,319014,TIX #Beyonce #Ticket Beyonce "The Formation Tour" Tickets https://t.co/Vv6XwnpZp6 #Concert #Tickets https://t.co/0mMDoP4aZQSurftition,7938,RT @CNNent: It's 4/4 so where is that new @Beyonce album? https://t.co/BXCs3ks7AY #Beyonce https://t.co/6VJULjCDANBeyonce_Watch,319014,‚ù§üíô#Collectible #Celebs Two #Beyonce Concert Tickets Formation World Tour, #Auction #Cheap‚Ä¶ https://t.co/RVMEonnpyY https://t.co/d0Hcbo9MUpabbiehutchwill,41,Who would you want to meet?
#Beyonce  #Rihanna #justinbieber #KhloeKardashianimbizzyyy,4,IM GETTIN HIP NOW TO THIS SHIT YALL IN TROUBLE...
#rap  #riri #jayz #beyonce #krsone #jadakiss‚Ä¶ https://t.co/jbiVIMvrIINamithaKashyap,1902,Because, slaying. üî™ #beyonce #dodgingbullets #bestthingineverhad üòâ https://t.co/hAp89gZB7pcoloringpageart,21422,printable art Run the World printable quotes lyrics wall art minimalist art prints #beyonce https://t.co/vt5vw8qY4S https://t.co/JF3VI1GWJqBeyonce_Watch,319014,‚ù§#Fashion #Perfume #Beyonce HEAT Eau de #Parfum Spray, 0.5 oz Perfume #Buy #Shopping‚Ä¶ https://t.co/DhcOzFfuwo https://t.co/BuQBKn2BaECheyeneCzaria,310,RT @tanishalong: I'm starting a girl gang that rides around Venice in bikinis and vintage roller skates while blasting #Beyonce.That's what‚Ä¶BEYgalore,3356,*Sigh* I'm getting impatient beyhive!!! #beyonce #beyonceknowlescarter #baddie #jayonce‚Ä¶ https://t.co/H39o8uQWjTrxvloid,33124,RT @CNNent: It's 4/4 so where is that new @Beyonce album? https://t.co/BXCs3ks7AY #Beyonce https://t.co/6VJULjCDANBEYgalore,3356,Ivy Park #beyonce #beyonceknowlescarter #baddie #jayonce #queenbey beyonce #beyhive #diva‚Ä¶ https://t.co/gK3kHht5JrBEYgalore,3356,Ivy Park #beyonce #beyonceknowlescarter #baddie #jayonce #queenbey beyonce #beyhive #diva‚Ä¶ https://t.co/SGoqp0qEpOBEYgalore,3356,Ivy Park #beyonce #beyonceknowlescarter #baddie #jayonce #queenbey beyonce #beyhive #diva‚Ä¶ https://t.co/Dh4DTrrWj8BEYgalore,3356,Ivy Park #beyonce #beyonceknowlescarter #baddie #jayonce #queenbey beyonce #beyhive #diva‚Ä¶ https://t.co/4EvKL3duHUBeyonce_Watch,319014,#Beyonce #Music I Am... Sasha Fierce [Audio ] Beyonce https://t.co/K6INWoOPrGBeyonce_Watch,319014,#Diet #Nutrition 5 Easy Ways to Avoid Thanksgiving Battle of the Bulge https://t.co/4PJRpBQLvV #Beyonce #FatlossBEYgalore,3356,Ivy Park #beyonce #beyonceknowlescarter #baddie #jayonce #queenbey beyonce #beyhive #diva‚Ä¶ https://t.co/HlxSdMuqMFAlysha_Joseph,81255,RT @jessicalynn1222: Every day without a new #beyoncealbum like  #b6 #beyonce #FormationWorldTour https://t.co/NrGmBTDdQcBeyonce_Watch,319014,‚ù§‚ù§TIX #Tickets 2 Tickets #Beyonce-The Formation World Tour 5/12 Qualcomm Stadium San Diego‚Ä¶ https://t.co/yfDgf4e2gV https://t.co/CtCIAdXVn7itsickievickiee,15184,RT @hollery: raise your hand if you've ever been personally victimized by Beyonc√© waiting to drop her new album. #B6 #Beyonce https://t.co/‚Ä¶Buddhapple,3896,#COMECREATEWITHILLBADAA CLICK THIS LINK https://t.co/iKaqqlNS2E #beyonce #livemixx #OLDSCHOOL #DANCE #THEWEEKEND #SPRING #KANYETimeforiMusic1,176031,#Beyonc√© #Today Beyonc√© hopes to 'change conversations' about perfectGabrielletheDJ,275,Listening to some Beyonc√©. That girl can slay (I don't use that would very often). #BeyonceMATNOISE,15894,Happy Anniversary To Beyonc√© &amp; Jay-Z

#hiphopculture #jayz #beyonce https://t.co/rdSwi9gaXCtndo_xwoods,30667,RT @JadeNovah: My Beyonc√© Cereal Slay: Get your cereal in #Formation. #Beyonce üòÇ https://t.co/bcyE3vOWIeBeyonce_Watch,319014,‚ù§üíô#Fashion #Style 2 Close Stage #Beyonce Tickets 6/3 FOXBOROUGH Gillette #Collectibles‚Ä¶ https://t.co/BVfvY7c5EB https://t.co/l1eGI7G22XItsWhiteShoes,7151,Happy Anniversary #Beyonc√© &amp; #JayZ 8 years went fast!! #PowerCouple #Beyhive https://t.co/VkzzqPeIj9zhaun,79824,I'm still in love with Ego by #Beyonce @BeyonceBeyonce_Watch,319014,#Collectible #Celebs 2 TICKETS #Beyonce SOLDIER FIELD CHICAGO IL 5/28‚Ä¶ https://t.co/g804RcZGvO #Auction #Cheap https://t.co/FZUqF7bUS0349486254a5c49c,7057,Since day one... üò≠

#beyonce #bey #queenb #jayonce #jayonc√©#jay #jayz #relationshipgoals #relationshipgoal #relati‚Ä¶ https://t.co/7iVFg2ETWR349486254a5c49c,7057,Since day one... üò≠

#beyonce #bey #queenb #jayonce #jayonc√©#jay #jayz #relationshipgoals #relationshipgoal #relatio‚Ä¶ https://t.co/q3gfb8yGjLRickyOchoa13,8063,RT @MrAI_Est1985: MOTHA! Come Thru on this here MONDAY! #beyonce #B6 giving #flashdance T's https://t.co/NCKPKKxYYVBeyonce_Watch,319014,TIX #Tickets 2 Close Stage #Beyonce Tickets 6/3 FOXBOROUGH Gillette Stadium Foxboro https://t.co/rIw7PTjQR5 #Concert #Ticketprettynpink9422,17973,RT @VintrellWhatley: April 9th #ArtBeatChicago gonna have you like ‚úåüòäüòÑüò©üòéüòçüòúüòåüôåüôåüôè #Beyonce https://t.co/4j1HfXPifTLelaV89,160924,My #remake of #formation #beyonce @beyonce ... Slayyyyyyyyyyyyy trick or you get eliminated https://t.co/DNJJ1dZp6oRickyOchoa13,8063,RT @hollery: #Beyonce dropping the new album after the twitterverse tears itself apart #B6 https://t.co/PNhezlhuOq_liamknowles_,15,another morning and no sign of B6. i'm growing weary fam, please bless us bey üò≠üò≠ #b6 #beyonce @BeyonceBeyonce_Watch,319014,‚ù§‚ù§#Fashion #Style 2 #Beyonce Tickets NEXT 2 STAGE 5/16/16 *SEC C117 ROW #Collectibles‚Ä¶ https://t.co/rWqVJigIwj https://t.co/gpBBDV9JIBRickyOchoa13,8063,RT @MaveyaElise: The Hive when Tidal drops an album other than #Beyonce #B6 https://t.co/rjvcHglowSDeForestMapp,1100,Seems like #Beyonc√© should be doing something, since its halftime. #NationalChampionship349486254a5c49c,7057,Love on the dancefloor... #beyonce #bey #queenb #jayonce #jayonc√©#jay #jayz #relationshipgoals #relationshipgoal #r‚Ä¶ https://t.co/AdGLRyOVZ2Beyonce_Watch,319014,#Fashion #Perfume #Beyonce RISE Eau de #Parfum Spray, 1.0 oz Spray‚Ä¶ https://t.co/DCioJHboez #Buy #Shopping https://t.co/ANp9WTPoCc349486254a5c49c,7057,Love on the dancefloor... #beyonce #bey #queenb #jayonce #jayonc√©#jay #jayz #relationshipgoals #relationshipgoal #‚Ä¶ https://t.co/AEokZOSQw6RickyOchoa13,8063,RT @hollery: when all the files uploaded but you ain't clicking "post" til somebody starts a riot #B6 #BeyHive #Beyonce https://t.co/pKcQuY‚Ä¶blkchninstitute,35319,Defining Beyonc√©s by analogies and applications https://t.co/DX5GBGr0ZN #Beyonc√© #appsRickyOchoa13,8063,RT @GarrettAllen15: #Beyonce a new album tonight would be really nice... #B6 #BeyHive #Formation #FormationWorldTour @TIDALHiFi https://t.c‚Ä¶Beyonce_Watch,319014,#Diet #Nutrition 5 Simple Tips To Get A Flatter Stomach https://t.co/5svDX5Ophh #Beyonce #Fatlossleisuremedia,42288,Beyonc√© unveils 200-piece range of workout gear @Topshop #Beyonc√© https://t.co/B4UDCtSR1r https://t.co/U1JrmWllUXbith_plz,31,RT @BeyonceSays_: #BeyonceSays stay strong Kehlani! This world can be tough but we all have to stick together üí™üèºüíò #Staystrongkehlani #Beyon‚Ä¶349486254a5c49c,7057,Love and laughs... #beyonce #bey #queenb #jayonce #jayonc√©#jay #jayz #relationshipgoals #relationshipgoal #relatio‚Ä¶ https://t.co/RtGYpfnhTD349486254a5c49c,7057,Love and laughs... #beyonce #bey #queenb #jayonce #jayonc√©#jay #jayz #relationshipgoals #relationshipgoal #relation‚Ä¶ https://t.co/5WLUHUBvvnCaylenCloud_xo,10674,RT @GarrettAllen15: #Beyonce a new album tonight would be really nice... #B6 #BeyHive #Formation #FormationWorldTour @TIDALHiFi https://t.c‚Ä¶GarrettAllen15,22286,#Beyonce a new album tonight would be really nice... #B6 #BeyHive #Formation #FormationWorldTour @TIDALHiFi https://t.co/E9DCIG4ysaStudioFeen_xP,132984,RT @BeyonceTribe: #Beyonce for ELLE Magazine https://t.co/F7DdaRW3RB___tlk,28678,RT @BeyonceTribe: #Beyonce for ELLE Magazine https://t.co/F7DdaRW3RB349486254a5c49c,7057,Love in style, love on style...
#beyonce #bey #queenb #jayonce #jayonc√©#jay #jayz #relationshipgoals #relationshipg‚Ä¶ https://t.co/fMRI2RxqBW349486254a5c49c,7057,Love in style, love on style...
#beyonce #bey #queenb #jayonce #jayonc√©#jay #jayz #relationshipgoals #relationship‚Ä¶ https://t.co/Ebyy0DJFb7Omalichanwa17,3391,BEYONC√â BEYONC√â BEYONC√â üêù  Its 3.00am üôàüêùüôàüêù‚òπ. 4 hours till work. #Beyonce where ya album at ??????jordynmonet_,35535,RT @BeyonceTribe: #Beyonce for ELLE Magazine https://t.co/F7DdaRW3RBNibblerMcGee,55119,RT @hollery: raise your hand if you've ever been personally victimized by Beyonc√© waiting to drop her new album. #B6 #Beyonce https://t.co/‚Ä¶Beyonce_Watch,319014,‚ù§‚ù§‚ù§#Fashion #Style 2 Close Stage #Beyonce Tickets 6/3 FOXBOROUGH Gillette #Collectibles‚Ä¶ https://t.co/i09RYgVlxo https://t.co/DAOypNwITj349486254a5c49c,7057,Love, smiles and support... #beyonce #bey #queenb #jayonce #jayonc√©#jay #jayz #relationshipgoals #relationshipgoal ‚Ä¶ https://t.co/a48mSuwF8c349486254a5c49c,7057,Love, smiles and support... #beyonce #bey #queenb #jayonce #jayonc√©#jay #jayz #relationshipgoals #relationshipgoal‚Ä¶ https://t.co/uz4IwrDOp1TheOnlyJalan_,571,When People Ignore Me #beyonce #6secondcover #singing #singingvine https://t.co/uTFXe73w1NAustraliaLuxeCo,1535,#Beyonce is changing the #fashion world one #model at a time. You go girl‚Ä¶  https://t.co/IyZoCjIQkW https://t.co/ww2fwfOLkq349486254a5c49c,7057,Courtside kind of love... #beyonce #bey #queenb #jayonce #jayonc√©#jay #jayz #relationshipgoals #relationshipgoal #r‚Ä¶ https://t.co/am8Tebr7fQ349486254a5c49c,7057,Courtside kind of love... #beyonce #bey #queenb #jayonce #jayonc√©#jay #jayz #relationshipgoals #relationshipgoal #‚Ä¶ https://t.co/5f44aLkFR0IPHextensions,2163,Fairy tales do come true‚ù§Ô∏èüíûüíï Happy Anniversary #jayz &amp; #beyonce #4 #powercouple https://t.co/Ts2inPrlz4josephcarter235,203273,HipHop #MusicProducer #HitBoy Produces #Beyonce Bow Down On The Spot https://t.co/GI8toWzF2h https://t.co/HaGiFrOmTBGarrySlay,1520,RT @hollery: raise your hand if you've ever been personally victimized by Beyonc√© waiting to drop her new album. #B6 #Beyonce https://t.co/‚Ä¶beyhive814,65,RT @hollery: raise your hand if you've ever been personally victimized by Beyonc√© waiting to drop her new album. #B6 #Beyonce https://t.co/‚Ä¶RobertaHoliday,3747,Ring The Alarm de #Beyonce

#chadeBeyonce ‚àÜ ‚ô´ https://t.co/9ZVifOhDYk349486254a5c49c,7057,Love on the red carpet...
#beyonce #bey #queenb #jayonce #jayonc√©#jay #jayz #relationshipgoals #relationshipgoal #r‚Ä¶ https://t.co/8l0l8rH2VQBeyonce_Watch,319014,‚ù§‚ù§‚ù§#Collectible #Celebs Two #Beyonce Concert Tickets Formation World Tour, #Auction #Cheap‚Ä¶ https://t.co/MBwGtbddqy https://t.co/TNszHUgPen_MeetingPlace_,386,Well I've stop listening to #beyonce. Her album is NOT dropping tonight. I'm going to sleep. #fail #thestruggle349486254a5c49c,7057,Love on the red carpet...
#beyonce #bey #queenb #jayonce #jayonc√©#jay #jayz #relationshipgoals #relationshipgoal #‚Ä¶ https://t.co/F1c6YRovlRBuddhapple,3896,#COMECREATEWITHILLBADAA CLICK THIS LINK https://t.co/iKaqqlNS2E #beyonce #livemixx #OLDSCHOOL #DANCE #FUN #MIX #SPRING #BATMANMrAI_Est1985,21776,MOTHA! Come Thru on this here MONDAY! #beyonce #B6 giving #flashdance T's https://t.co/NCKPKKxYYVpeyts94,1422,We slayyyyy #beyonce #yallhaters https://t.co/Dy0EPNYYTBKilenaGary,1666,RT @BeyonceTribe: #Beyonce for ELLE Magazine https://t.co/F7DdaRW3RBKatetastic__,10940,RT @__rosey_: üåü‚ú®üôàRen fest last year @LookInAmerah #dance #Beyonce imma keep getting better #sorry for bad quality http://t.co/eboiTxwk8MBeyonce_Watch,319014,#Fashion #Perfume #Beyonce HEAT Eau de #Parfum Spray, 0.5 oz Perfume‚Ä¶ https://t.co/2zFZIpvFGz #Buy #Shopping https://t.co/5QiGkmKsGoBeyonce_Watch,319014,‚ù§‚ù§#Fashion #Perfume #Beyonce Heat Rush Gift Set Eau de Toilette and Gold #Buy #Shopping‚Ä¶ https://t.co/l82M6qVhCw https://t.co/kc9PHuoBd7Beyonce_Watch,319014,#Diet #Nutrition Quick Weight Loss Tips ‚Äì 7 Great Tips to Lose Weight Fast‚Ä¶‚Ä¶ https://t.co/RHlO8GJMAG #Beyonce #Fatlossits_sigh_id,18193,RT @CNNent: It's 4/4 so where is that new @Beyonce album? https://t.co/BXCs3ks7AY #Beyonce https://t.co/6VJULjCDANrowdyydanny,12435,Potentially new music from Queen Bey tomorrow &amp; Jlo Thursday... Don't tease me ladies!!! #Beyonc√© #JLo #Slay https://t.co/1z9q7jqEkszem_c10,68,RT @hollery: raise your hand if you've ever been personally victimized by Beyonc√© waiting to drop her new album. #B6 #Beyonce https://t.co/‚Ä¶ChicentralNet,5934,New post: Beyonce for ELLE Magazine #elle #ellemagazine #beyonce https://t.co/fxYY8BKE6lBarbNBeyhive,2363,RT @CNNent: It's 4/4 so where is that new @Beyonce album? https://t.co/BXCs3ks7AY #Beyonce https://t.co/6VJULjCDANBeyonce_Watch,319014,#Collectible #Celebs 2 Close Stage #Beyonce Tickets 6/3 FOXBOROUGH Gillette Stadium Foxboro https://t.co/LPzdUrfmxA #Auction #CheapDesieee,25790,This has been my lock screen and wallpaper for a bit. #happyanniversary #Beyonc√© #Yonc√© #Jay #Hov #TheCarters https://t.co/f9KbTMiVmF_Bran_don,197924,Y‚Äôall.. Didn‚Äôt #Beyonce drop after Scandal went off in 2014? The night isn‚Äôt over yet. :)Beyonce_Watch,319014,‚ù§TIX #Tickets 2 Tickets #Beyonce-The Formation World Tour 5/12 Qualcomm Stadium San Diego‚Ä¶ https://t.co/p2JMoVbanA https://t.co/iTJCjK2eV1alanlopez214,1846,RT @hollery: raise your hand if you've ever been personally victimized by Beyonc√© waiting to drop her new album. #B6 #Beyonce https://t.co/‚Ä¶alanlopez214,1846,RT @hollery: #Beyonce dropping the new album after the twitterverse tears itself apart #B6 https://t.co/PNhezlhuOqAmani_Sams,3823,RT @Amanmagazine1: 8 years of Jayonc√©!! üíôüíçüíô #Beyonce https://t.co/W66zIyLTLzPChanQuines,3481,Queen Bey #BeyHive #Beyonc√©  https://t.co/pZ9cKdpzNLMaMuliZuziOozi,51,Why #Beyonce said "MIGHT jus be a BLACK Bill Gates" ? Is she unsure ? Can't she be SuperBillion Bey in the makin ? She already hit 1Bill...iLLBobby,4455,!!!!Limited Time Only!!!! #WTU2 WINTER TURN UP 2 Feat #beyonce #kanyewest #desiigner #youngthug‚Ä¶ https://t.co/P5Uia9jR2BBigNeeeesh,608,RT @Ririkelly: I'm legit only up waiting for B6 #beyonce #tidalBre__Bre99,941,Last Day Spring Break for meüò≠üòñ see you guys later‚úåüèæÔ∏è I'm be back on Last day of school || #beyonce #beyonce... https://t.co/yQW23wjVqSBeyonce_Watch,319014,‚ù§‚ù§‚ù§#Fashion #Style 2 Close Stage #Beyonce Tickets 6/3 FOXBOROUGH Gillette #Collectibles‚Ä¶ https://t.co/nIbUITd7gf https://t.co/o20a7aPMKfblkchninstitute,35319,Can K-12 Schools Take Advantage of #Beyonc√© Tech? Students keep track of their academic experiences https://t.co/dEnLRiCRWFATLFLEETNATION,176658,@DJ_MF_SUNFLOWER PRESENTS #GRISELDABLANCO VOL 13 #ADELE VS #BEYONCE https://t.co/jH5jqJ1mcy #FLEETDJSaplsaus,8161,RT @hollery: raise your hand if you've ever been personally victimized by Beyonc√© waiting to drop her new album. #B6 #Beyonce https://t.co/‚Ä¶HigherEdMike,7408,.@sims :"the sun sets at 7:11 tonight. Does that mean new #Beyonce?"
Me: "SHE IS THE SUN!" https://t.co/fzTtWPsIP2ohmkk,11166,RT @CNNent: It's 4/4 so where is that new @Beyonce album? https://t.co/BXCs3ks7AY #Beyonce https://t.co/6VJULjCDANBeyonce_Watch,319014,#Diet #Nutrition The Fastest Way To Lose Weight ‚Äì What Is It? https://t.co/T3042ms79f‚Ä¶ https://t.co/OZxqLCOsYF #Beyonce #FatlossBeyonce_Watch,319014,TIX #Beyonce #Ticket 2 Tickets Beyonce-The Formation World Tour 5/12‚Ä¶ https://t.co/tXUjpm1Ubu #Concert #Tickets https://t.co/hhBiunBuK5MonaLisaTheMuse,437,"Once I learned 2 accept my flaws the world had no choice but 2 accept them as well" I appreciate that #Beyonce speaks brutally honestRirikelly,8709,I'm legit only up waiting for B6 #beyonce #tidalBeyonce_Watch,319014,‚ù§#Fashion #Style 2 #Beyonce Tickets NEXT 2 STAGE 5/16/16 *SEC C117 ROW #Collectibles #Deals‚Ä¶ https://t.co/CdnSOFRgim https://t.co/4EYuW3HvPpPoofyLatwinas,383,@Beyonce girl I bey waitin' as patiently as I can. #B6 #Formation #Beyonce https://t.co/uJbmUIZAWIMonaLisaTheMuse,437,BeyoncÔøΩ Gets Real About the Pressure to Be Perfect https://t.co/N30F4g6cjX "Reading this article I realize #Beyonce &amp; I think a like"izzieagnew,1130,RT @ShaneHowell95: #Beyonc√© is prob waiting for us all to go to sleep to drop #B6 but I just had coffee and downloaded Tidal for Jhene Aiko‚Ä¶ashmarie2191,2476,RT @hollery: raise your hand if you've ever been personally victimized by Beyonc√© waiting to drop her new album. #B6 #Beyonce https://t.co/‚Ä¶HausOfDasilva,226609,I'm ready #BeyonceAlexis3948,1302,RT @CNNent: It's 4/4 so where is that new @Beyonce album? https://t.co/BXCs3ks7AY #Beyonce https://t.co/6VJULjCDANJulia_beyhive,17972,RT @QueenBKC_81: On April 4. 2008. Somebody put a ring on it üíçüíã #HappyAnniversaryJayonc√© #Beyonce #JayZ https://t.co/N1WapfIL1aAlicTyler,7377,RT @CNNent: It's 4/4 so where is that new @Beyonce album? https://t.co/BXCs3ks7AY #Beyonce https://t.co/6VJULjCDANBeyonce_Watch,319014,‚ù§‚ù§#Fashion #Style 2 Close Stage #Beyonce Tickets 6/3 FOXBOROUGH Gillette #Collectibles‚Ä¶ https://t.co/eVychWht3r https://t.co/mtrit6LIGeTimeforiMusic1,176031,#Beyonce #hit Chao Zhang:ADITLWTOMEI,5759,RT @hollery: raise your hand if you've ever been personally victimized by Beyonc√© waiting to drop her new album. #B6 #Beyonce https://t.co/‚Ä¶samasterhlf,178,RT @frogdesign: Making a @Beyonce-inspired hologram. See the process on Instagram: https://t.co/UtL1OgrKbe #Beyonce https://t.co/rTzi7L8OTyferranguijarro,3867,RT @CNNent: It's 4/4 so where is that new @Beyonce album? https://t.co/BXCs3ks7AY #Beyonce https://t.co/6VJULjCDANBeyonce_Watch,319014,‚ù§‚ù§#Collectible #Celebs Two #Beyonce Concert Tickets Formation World Tour, #Auction #Cheap‚Ä¶ https://t.co/YDudqmvsqK https://t.co/ZOZtXpNUAMAyeeYoPrincess,18834,LIVE on #Periscope: Off to Meet a PRODUCER. (time to work) #rihanna #beyonce #style https://t.co/OBYW8EfBowLuNaysha,47545,RT @MaveyaElise: The Hive when Tidal drops an album other than #Beyonce #B6 https://t.co/rjvcHglowSStadiumVillage1,89,RT @UDS_umn: .@tapingo is giving away a pair of #Beyonc√© tix for her concert @ TCF! Every order is a chance to win #sweepstakes https://t.c‚Ä¶Beyonce_Watch,319014,#Diet #Nutrition 5 Common Mistakes to Avoid for Healthy Weight Loss https://t.co/PbWfxQqfqf https://t.co/sJFif0Jyl2 #Beyonce #Fatlossblkchninstitute,35319,#Beyonc√© service is a very smart play &gt; https://t.co/X2a4VsNZ8Cnaz3em,62724,RT @CNNent: It's 4/4 so where is that new @Beyonce album? https://t.co/BXCs3ks7AY #Beyonce https://t.co/6VJULjCDANBuddhapple,3896,#COMECREATEWITHILLBADAA CLICK THIS LINK https://t.co/iKaqqlNS2E #beyonce #livemixx #OLDSCHOOL #DANCE #FUN #MIX #SPRING #MADONNAKyandDasia,277,Please keep sharing &amp; liking our rendition of #Smile with a #Formation twist! #Shanice #Beyonce #Slay #KyAndDasia 
https://t.co/loOG0hDMoRSportScream,19966,I don‚Äôt know if #Beyonce is beautiful, but I‚Äôm so sure she looks very sluttish...Amanmagazine1,646,8 years of Jayonc√©!! üíôüíçüíô #Beyonce https://t.co/W66zIyLTLzdrunkenly_jdj,10989,My grandma just called me in her room and said "Beyonce got some clothes coming out called Blue Ivy." üòÇüòÇ #beyonce #beyhive #blueivyteen_aman,118,8 years!! üíçüíôüíô #Beyonce &amp; #JayZ https://t.co/SKJxK7IUnNBeyonce_Watch,319014,‚ù§#Fashion #Perfume #Beyonce Heat Rush Gift Set Eau de Toilette and Gold #Buy #Shopping‚Ä¶ https://t.co/QMromsvhwr https://t.co/5bGcYRCVmWDildeep96,31664,RT @_kcjn: DON'T TOY WITH ME!!! #B6 #beyonce https://t.co/NJ3v5KSworhollywoodb00gie,374,Freestyle over Beyonce partition  üé§üé∂ #newmixtape #Beyonce #beats #hiphop #undergroundhiphop #indie #freestyle https://t.co/o1z6UmEVNEBeyonce_Watch,319014,#Collectible #Celebs NEW #Beyonce CD True Star LIMITED EDITION DIGIPAK RARE‚Ä¶ https://t.co/mGGMm3qezD #Auction #Cheap https://t.co/75uJ2IredHBeyonce_Watch,319014,#Fashion #Style NEW #Beyonce CD True Star LIMITED EDITION DIGIPAK RARE‚Ä¶ https://t.co/e7lwnuc7DB #Collectibles #Deals https://t.co/UjVNVfXp6QBeyonce_Watch,319014,#Beyonce Signed Autographed July 2002 Ebony Magazine https://t.co/7OLJ9IKpXh #Collectibles #Buzzcarsongordon511,1635,RT @hollery: raise your hand if you've ever been personally victimized by Beyonc√© waiting to drop her new album. #B6 #Beyonce https://t.co/‚Ä¶Beyonce_Watch,319014,TIX #Tickets 2 Tickets #Beyonce-The Formation World Tour 5/12 Qualcomm Stadium San Diego https://t.co/yTK5jOVsAV #Concert #TicketMaveyaElise,24843,The Hive when Tidal drops an album other than #Beyonce #B6 https://t.co/rjvcHglowSOfficialAmerul,122664,RT @CNNent: It's 4/4 so where is that new @Beyonce album? https://t.co/BXCs3ks7AY #Beyonce https://t.co/6VJULjCDANBeyonce_Watch,319014,‚ù§#Collectible #Celebs #Beyonce "Naughty Girl" RARE PROMO ONLY CD REMIXES Calderone QUAYLE‚Ä¶ https://t.co/F8AnRv6qBK https://t.co/MBqo7ljnToJeezusFrancis,3,RT @ivy_parka: Conspiracies #B6 #beyonce the wedding anniversary is TODAY!!! https://t.co/QUS6nRaFz1Shanoya3783,1768,"You kno u that bitch when you cause this conversation" ‚úåüèΩÔ∏è #Formation #Beyonce @BeyonceFangirlFirheen,18582,RT @desigirl78: Some #JayZ n #Beyonce inspiration for @imVkohli n @AnushkaSharma Get back n rule the world together!‚úåüèºÔ∏è https://t.co/SiBweM‚Ä¶meinformoyaok,4776,RT @Nordstrom: NEW BRAND: @WeAreIvyPark arriving April 14th! #IVYPARK #beyonce https://t.co/NuXfmRNJDC https://t.co/Z3a1eG9D6q_kcjn,4055,DON'T TOY WITH ME!!! #B6 #beyonce https://t.co/NJ3v5KSwor_Perfect_Sin_,35055,Pose for the camera now click click....#beyonce #bestrevengeBeyonce_Watch,319014,‚ù§‚ù§#Fashion #Style 2 Close Stage #Beyonce Tickets 6/3 FOXBOROUGH Gillette #Collectibles‚Ä¶ https://t.co/DleeL1ksFZ https://t.co/LCmFxJI6DyBeyonce_Watch,319014,#Fashion #Perfume NIB #Beyonce Rise Woman's Fragrance Gift Set Box With‚Ä¶ https://t.co/41OFc25u0N #Buy #Shopping https://t.co/4ixfrgS2fXBeyonce_Watch,319014,#Diet #Nutrition How to Lose 15 LBS in 10 Days Very Easily https://t.co/eqYnWxeGBd #Beyonce #FatlossBeyonce_Watch,319014,#Fashion #Style 2 #Beyonce Tickets NEXT 2 STAGE 5/16/16 *SEC C117 ROW‚Ä¶ https://t.co/6GlasVYnEg #Collectibles #Deals https://t.co/ZkYTqH4oT9kaiipwong,10914,April 4, 16. Too many 4s for it not to be #Beyonce #B6 #Formation https://t.co/aOlxBUiFXmKyshenRogers,6505,RT @hollery: raise your hand if you've ever been personally victimized by Beyonc√© waiting to drop her new album. #B6 #Beyonce https://t.co/‚Ä¶blkchninstitute,35319,Re: [ANN][BXBC] BoxbaseCoin SHA256 - POW/POS - RELAUNCH! https://t.co/70naf4807p #feminism #Beyonc√©jondaniels513,1072,I think I may have had a "stan" moment....
#janet
#MaryJ
#Beyonce 
#Essence https://t.co/kWXMk7IRvXallybock,5379,RT @hollery: raise your hand if you've ever been personally victimized by Beyonc√© waiting to drop her new album. #B6 #Beyonce https://t.co/‚Ä¶Beyonce_Watch,319014,#Fashion #Style #Beyonce "My Myself &amp; I" RARE PROMO ONLY CD REMIXES‚Ä¶ https://t.co/0NjXmAWkiY #Collectibles #Deals https://t.co/yPvmCFKdRtBeyonce_Watch,319014,#Collectible #Celebs 2 Close Stage #Beyonce Tickets 6/3 FOXBOROUGH Gillette Stadium Foxboro https://t.co/zgXcNbWGzt #Auction #CheapBeyonce_Watch,319014,‚ù§#Fashion #Style 2 Close Stage #Beyonce Tickets 6/3 FOXBOROUGH Gillette #Collectibles‚Ä¶ https://t.co/i8nqN2cyAx https://t.co/kQIemFQZNWleisuremedia,42288,Beyonc√© unveils 200-piece range of workout gear @Topshop #Beyonc√© https://t.co/TXgSOE1hEr https://t.co/zWMtfjOiv4LeisureOpps,41028,Beyonc√© unveils 200-piece range of workout gear @Topshop #Beyonc√© https://t.co/GCjsulrBbb https://t.co/ZH6WhAHYSVtalkcurlytome,1030,My current #mood üòòBack to work! #silly #teamnatural #flawless #beyonce #formation #islay https://t.co/0r5xyGMkCCtrafficforbeats,39848,BeatMaking With #HitBoy - #Beyonce Bow Down https://t.co/4TMDd023Je https://t.co/dfP1iY01tyPierceThe_Boner,14097,RT @CNNent: It's 4/4 so where is that new @Beyonce album? https://t.co/BXCs3ks7AY #Beyonce https://t.co/6VJULjCDANDjThatsMyJam,74196,TRAP RnB #Beyonce, #JamieFoxx, #Tinashe, #Drake, Future, #FettyWapp #JohnnyCinco, #TonyDelFreshco, #ToreyLanez, #JimmyPrime, and moreEmil4music,23068,#HipHop Producer #HitBoy Produces #Beyonce Bow Down On The Spot https://t.co/I5CFlU5C0A https://t.co/VGGadlUjPHakitaylor,16763,IVY PARK :: #ELLEMag #April4 #Anniversary #Beyonce üêùüêùüêùüêù #4 #2016 #IvyPark https://t.co/wBMqrgT7Mrbillyjaneramos,14119,"#Silence is its own kind of #retort"‚Äã https://t.co/N7pQxYrEsO What #clapback means and learning it from #BeyonceSkylurTaylor,9355,RT @theofficialann_: When you find the song that knows exactly how you feel  #beyonce #jealous (Vine by kissmyyaz) https://t.co/8bMzltHKeaBeyonce_Watch,319014,‚ù§#Collectible #Celebs Two #Beyonce Concert Tickets Formation World Tour, #Auction #Cheap‚Ä¶ https://t.co/56fw569VxQ https://t.co/hoxkRYdPdFblkchninstitute,35319,Re: [ANN][HUC] Huntercoin - Human Mining - Decentralized MMO and Crypto Game https://t.co/QJwHfA0IRn #feminism #Beyonc√©ohmyruru,47372,Beyonce voice over #voiceover #beyonce #funny #comedy (Vine by @SatanaiReinhrdt) https://t.co/O8hsuYSWNfBeyonce_Watch,319014,#Diet #Nutrition 2 Minutes, 2 Stretches: Stress-Busting Moves You Can Do in Bed ‚Ä¶‚Ä¶ https://t.co/L0dZ5syScJ #Beyonce #FatlossBeyonce_Watch,319014,#Fashion #Perfume #Beyonce Heat Rush Gift Set Eau de Toilette and Gold‚Ä¶ https://t.co/ltqLMrSUMa #Buy #Shopping https://t.co/SwIVJ4tp9VSupreme_X_,1207,RT @hollery: raise your hand if you've ever been personally victimized by Beyonc√© waiting to drop her new album. #B6 #Beyonce https://t.co/‚Ä¶Sing1eandDating,17,Thank God I found the good in goodbye!!! #Beyonce #truestory #single #datingsophia_mohla,12741,11:11 jamming #6secondcover #running #beyonce #flowerchild https://t.co/btqYDhHPmYBeyonce_Watch,319014,#Beyonce #TShirt Women Beyonce Party Cocktail Wedding Formal Fitted Bodycon Dress Black Size 20 https://t.co/gB9uqJCHiF #Bestsellerhollis51,343,@selfcrowned_ yes but takin someone u know is better bc u have someone 2 go 2 16 months later when ur still cry smiling #Beyonc√© #experienceBeyonce_Watch,319014,‚ù§#Collectible #Celebs #Beyonce "My Myself &amp; I" RARE PROMO ONLY CD REMIXES Junior Vasquez x3‚Ä¶ https://t.co/3Z62v0HBeD https://t.co/qOjeynT2Glmichael_nyquil,893,I feel personally victimized by Beyonc√© waiting to drop her new album. #B6 #BeyonceBeyonce_Watch,319014,#Fashion #Style #Beyonce "Naughty Girl" RARE PROMO ONLY CD REMIXES‚Ä¶ https://t.co/zl81ub3j6E #Collectibles #Deals https://t.co/g0Bn3zJstZBeyonce_Watch,319014,#Collectible #Celebs #Beyonce "Naughty Girl" RARE PROMO ONLY CD REMIXES Calderone QUAYLE US x2 https://t.co/NlFp3VGU0K #Auction #Cheapitshueyy,2058,I got #Beyonc√© on my spirit. üêùüêùüêù https://t.co/EOYj96I5aEblkchninstitute,35319,Re: ***NuclearCoin*** NUC *** SHA256d - POW/POS - Nuclear Launch Detected https://t.co/jlGUSJeYOI #feminism #Beyonc√©healthclubmag,21360,Beyonc√© unveils 200-piece range of workout gear @Topshop #Beyonc√© https://t.co/PDBvMoXz9A https://t.co/EZ46w8jo5o1061BLI,114950,#Beyonce loves keeping us on our toes! She's all about the #surprise factor lately! https://t.co/dnqd2Bt7yA @MJonBLI https://t.co/KDLZexHtxTknowIesharry,53475,RT @Topshop_AU: IVY PARK arriving 15 April 2016.
Ivy Park #ivypark #beyonce https://t.co/Xkv9MtnseaBeyonce_Watch,319014,‚ù§#Fashion #Perfume #Beyonce HEAT BY #Beyonce EDP SPRAY FOR WOMEN 1.0 OZ #Buy #Shopping‚Ä¶ https://t.co/ttLzrv9y57 https://t.co/pT8chfCuEfBuddhapple,3896,CHECK OUT THE MUSIC VISIT OUR SITE TODAY #COMECREATEWITHILLBADAA https://t.co/KRm6Ebybuo
#BEYONCE #KANYEjohannahf15,22655,RT @CNNent: It's 4/4 so where is that new @Beyonce album? https://t.co/BXCs3ks7AY #Beyonce https://t.co/6VJULjCDANAlaaShannan,392,RT @SHAMAIMAI: When your mom takes jokes seriously...
#video #sudanesemom #future #whatfuture #beyonce #lol https://t.co/lPaMGD9yruBeyonce_Watch,319014,TIX #Beyonce #Ticket Beyonce @ Soldier Field 5/27/2016 6PM https://t.co/YqnbPqMNad #Concert #Tickets https://t.co/A1BwwmxrW5_MeetingPlace_,386,I'm listening to #beyonce ALL. NIGHT. LONG. until I know if her album is going to be released!! #queenbeyionvhyaslmieo,70524,Beyonce 7/11 Video https://t.co/PkPNt54fvY #BeyonceBeyonce_Watch,319014,‚ù§#Fashion #Style 2 Close Stage #Beyonce Tickets 6/3 FOXBOROUGH Gillette #Collectibles‚Ä¶ https://t.co/kveqlMc0ME https://t.co/JZU3Op5LTOBeyonce_Watch,319014,#Diet #Nutrition Losing Weight With the Help of Apple Cider Vinegar ‚Ä¶ https://t.co/xMKQTYX1yY https://t.co/7xuPaOnsQX #Beyonce #FatlossBeyonce_Watch,319014,#Fashion #Perfume #Beyonce Pulse Trio Perfume Body Milk Shower Cream ARZ 250 https://t.co/gYbMbQeulQ #Buy #Shopping https://t.co/BuSERaF9yRMarlyseDesigns,4634,Happy 8th wedding anniversary to #Jayz and #Beyonc√©!!‚ù§Ô∏è https://t.co/lGfU0M7qcLBoxInHand,3347,Strictly R&amp;B: Strictly R&amp;B: In The News 4/3/16 https://t.co/sfazI5lS1T #Jacquees #Kehlani #Brandy #Beyonce #TheWeekndChadNelson41,43,Let me upgrade you! #Beyonce #Bey #capitalonesweeps Section 608, Row R, Seats 22 &amp; 23blkchninstitute,35319,Re: [ANN] Earn Some | LOOT | Pure Scrypt PoW | Open Community | Exchange Added https://t.co/hsXIjau8Ga #feminism #Beyonc√©VintrellWhatley,15517,April 9th #ArtBeatChicago gonna have you like ‚úåüòäüòÑüò©üòéüòçüòúüòåüôåüôåüôè #Beyonce https://t.co/4j1HfXPifTthedevintea,4296,Beyonc√©'s voice made me have a moment there for a sec. #ontherun #ontheruntour #ontherunchicago #otr #beyonce https://t.co/jWA7s64Pknnewvoicesphilly,1713,Congratulations to our @WOCHERStory Month #Beyonce #Formation WINNER, Jeff Bukowski! Thank you to everyone who... https://t.co/E01pk00btrNewVoicesPgh,9401,Congratulations to our @WOCHERStory Month #Beyonce #Formation WINNER, Jeff Bukowski! Thank you to everyone who... https://t.co/yTSm8xuXuKkeeping_it_up,46508,Must-have iOS app for #Beyonce https://t.co/JK31glc0MMWOCHERStory,1630,Congratulations to our @WOCHERStory Month #Beyonce #Formation WINNER, Jeff Bukowski! Thank you to everyone who... https://t.co/oST2BDzN6sBeyonce_Watch,319014,‚ù§#Collectible #Celebs NEW #Beyonce CD True Star LIMITED EDITION DIGIPAK RARE NIP #Auction‚Ä¶ https://t.co/BM97z2Bzbl https://t.co/4sWKeM5mQLbrianljolly,17931,RT @hollery: raise your hand if you've ever been personally victimized by Beyonc√© waiting to drop her new album. #B6 #Beyonce https://t.co/‚Ä¶calibere,23926,RT @UPTOWNmagazine: Happy Anniversary #Beyonce and #Jayz! The super star couple is celebrating their 8th wedding anniversary today! https:/‚Ä¶Beyonce_Watch,319014,#Fashion #Style 2 Close Stage #Beyonce Tickets 6/3 FOXBOROUGH Gillette‚Ä¶ https://t.co/G44wCTydQy #Collectibles #Deals https://t.co/UPV2QVnqCdBeyonce_Watch,319014,#Collectible #Celebs 2 Close Stage #Beyonce Tickets 6/3 FOXBOROUGH Gillette Stadium Foxboro https://t.co/QnaTq5tUpY #Auction #CheapiDoVisuals,41054,#Beyonce came on the radio .. Thought about @DancingKye lol WHERE MY BEEHIVE AT .. RIGHT HERE üôãüèΩ , while slaying lolirwezzoqi,3931,Beyonce Bundled Up in NYC https://t.co/K85p1OHCgn #BeyonceMustafaLubna,1730,RT @SHAMAIMAI: When your mom takes jokes seriously...
#video #sudanesemom #future #whatfuture #beyonce #lol https://t.co/lPaMGD9yruT_Jones517,143,RT @hollery: raise your hand if you've ever been personally victimized by Beyonc√© waiting to drop her new album. #B6 #Beyonce https://t.co/‚Ä¶fineasskent,26810,RT @CNNent: It's 4/4 so where is that new @Beyonce album? https://t.co/BXCs3ks7AY #Beyonce https://t.co/6VJULjCDANlaleakedcelebs,653,Beyonce Scolds Assistant on Red Carpet https://t.co/91VA1Lxqui #Beyonce‚ÄôsTimeforiMusic1,176031,#Beyonc√© #Today Beyonc√© Says Treat YourselfRaymond_Miguel,11515,RT @CNNent: It's 4/4 so where is that new @Beyonce album? https://t.co/BXCs3ks7AY #Beyonce https://t.co/6VJULjCDANblkchninstitute,35319,#Feminism #startup @bitwala raised ‚Ç¨800k in #seedfunding https://t.co/gHbSkz8LA5 @HTGF @DCGco #Beyonc√© #financialinclusionJerrodDontonio,13104,RT @hollery: raise your hand if you've ever been personally victimized by Beyonc√© waiting to drop her new album. #B6 #Beyonce https://t.co/‚Ä¶Beyonce_Watch,319014,‚ù§‚ù§#Beyonce #Music Dangerously In Love by Beyonce (, 2003, Sony Music Entertainment)‚Ä¶ https://t.co/bn7tc6WUbv https://t.co/r6MZWwtx4JBuddhapple,3896,#COMECREATEWITHILLBADAA CLICK THIS LINK https://t.co/iKaqqlNS2E #beyonce #livemixx #OLDSCHOOL #DANCE #FUN #MIX #SUMMER #KANYEari_grande36,210,RT @_celeb_fan: #BattleOfTheGirlBands

Hottest members #3

RT: DESTINYS CHILD
LIKE: MIS-TEEQ

#beyonce #destinyschild #misteeq https://t.co‚Ä¶sonnyhawkins04,274,RT @danyellpeterson: Beyonc√©, put on that athletic gear, run to the studio and HIT THE RELEASE BUTTON. I can't wait any longer. #b6 #beyonceTheLadyyyJ,43477,RT @hollery: raise your hand if you've ever been personally victimized by Beyonc√© waiting to drop her new album. #B6 #Beyonce https://t.co/‚Ä¶Beyonce_Watch,319014,#Diet #Nutrition Water Pills And Weight Reduction https://t.co/rhSmLT7huW https://t.co/OT6St19o6z https://t.co/1XvzfVF39k #Beyonce #Fatlossrahwillz,55430,Happy 8th Year Anniversary beyonce and s_c_official! #Anniversary #April4th #JayZ #Beyonce https://t.co/68pjLc2XsSBeyonce_Watch,319014,#Collectible #Celebs Two #Beyonce Concert Tickets Formation World Tour,‚Ä¶ https://t.co/nv1m7d3Zcy #Auction #Cheap https://t.co/9qa4Pkx8dXBeyonce_Watch,319014,#Fashion #Perfume #Beyonce Pulse Eau De #Parfum Spray 1.0 oz Unboxed. https://t.co/BnEY3GYbO4 #Buy #Shopping https://t.co/yIDrCypX7mmyion_,8388,RT @hollery: raise your hand if you've ever been personally victimized by Beyonc√© waiting to drop her new album. #B6 #Beyonce https://t.co/‚Ä¶_Zac13,19839,RT @CNNent: It's 4/4 so where is that new @Beyonce album? https://t.co/BXCs3ks7AY #Beyonce https://t.co/6VJULjCDANBridgetVirtue3,21683,...and I put this on my life. Nobody and nothing will ever come between us. ‚ù§Ô∏è #Beyonce #JayZ‚Ä¶ https://t.co/DlGpWP5xLwBeyonce_Watch,319014,‚ù§TIX #Beyonce #Ticket 1 Ticket Beyonce Formation Tour: Miami 4/27/16 #Concert #Tickets‚Ä¶ https://t.co/pcSQbaD3DC https://t.co/U7AsQiOP2ZChasePaperz,76232,RT @RAPPERSIQ: #Beyonce "Formation" (Dirty) #Video https://t.co/aKHuC1DNzY #Mixtape #Monday #Music #Money #RtBeyonce_Watch,319014,TIX #Tickets #Beyonce @ Soldier Field 5/27/2016 6PM https://t.co/iCbY6RpZu7 #Concert #TicketRAPPERSIQ,393012,#Beyonce "Formation" (Dirty) #Video https://t.co/aKHuC1DNzY #Mixtape #Monday #Music #Money #RtJVCKSIN,28995,RT @Taetachip: #Beyonce stressing me. https://t.co/izyOjhHZnAhyvonaykram,68562,Beyonce Shows off Swimsuit Cleavage https://t.co/lk81Flvoe2 #BeyonceBeyonce_Watch,319014,#Fashion #Style 2 Close Stage #Beyonce Tickets 6/3 FOXBOROUGH Gillette‚Ä¶ https://t.co/6Jh94pcbrg #Collectibles #Deals https://t.co/D3Qh36jGwbBeyonce_Watch,319014,#Collectible #Celebs #Beyonce "My Myself &amp; I" RARE PROMO ONLY CD REMIXES Junior Vasquez x3 USA 2003 https://t.co/MYfEat2MPu #Auction #Cheapbadboydrd,29725,RT @hollery: raise your hand if you've ever been personally victimized by Beyonc√© waiting to drop her new album. #B6 #Beyonce https://t.co/‚Ä¶AlbertEfron1420,1036,I'm sorry but I will always love school #beyonce I do not approve the #newbeyonce I feel like‚Ä¶ https://t.co/56TU2HtntbMusicpromo102,31808,BeatMaking With #HitBoy - #Beyonce Bow Down https://t.co/I4D2sUexCI https://t.co/2poRmSjnc2Beyonce_Watch,319014,‚ù§#Fashion #Perfume Heat by #Beyonce for Women Eau De #Parfum 3.4 OZ 100 ML #Buy #Shopping‚Ä¶ https://t.co/wvQE2aK0AW https://t.co/DIw6SKvXKWritaalynne,475,RT @hollery: raise your hand if you've ever been personally victimized by Beyonc√© waiting to drop her new album. #B6 #Beyonce https://t.co/‚Ä¶Kaffydancequeen,7176,RT @viewpointng: @Kaffydancequeen rebbysexie elizabeth_agwe #imagneto rehearsals #formation #beyonce Tag someone‚Ä¶ https://t.co/borBQNPbToSirPresident,5039,Mother is coming! #beyonce #beyhive #bey613 #b6 https://t.co/SLk2pY7oQgBeyonce_Watch,319014,‚ù§#Fashion #Style 2 #Beyonce 5/31 Heinz Field Sect-F1 #Collectibles #Deals‚Ä¶ https://t.co/Hi0g2ATDEZ https://t.co/SXlOzpi3OXBeyonce_Watch,319014,#Diet #Nutrition 12 Simple Lifestyle Changes to Lose Weight https://t.co/zfHwzc0fdo‚Ä¶ https://t.co/PqeyXqX3Gj #Beyonce #FatlossAnaRevealed,1520,NEW POST UP: DEAR BEYONCE https://t.co/pUR7pY2QDc #edrecovery #anorexia #recovery #beyonce #ivypark #faith #jesus https://t.co/l74hEpEvbmmeliah_a,194,@TIDALHiFi OK OK NOW LADIES LET'S GET IN FORMATION üòçüôåüèΩüôèüèΩüôèüèΩüôèüèΩ #b6 #Beyonceblkchninstitute,35319,Keys must be managed. If they are lost, they are gone forever. #baas #Beyonc√© #Env16BeautyBrennan,371,What if we lose all control of our technology and Bey just pops up on all our shit like... Hello World. This is Beyonc√©. #B6 #Beyonc√©YGMspider,2659,RT @Emil4music: #HipHop Producer #HitBoy Produces #Beyonce Bow Down On The Spot https://t.co/I5CFlU5C0A https://t.co/d5KEN8BQ6CEmil4music,23068,#HipHop Producer #HitBoy Produces #Beyonce Bow Down On The Spot https://t.co/I5CFlU5C0A https://t.co/d5KEN8BQ6CBeyonce_Watch,319014,#Fashion #Perfume #Beyonce HEAT BY #Beyonce EDP SPRAY FOR WOMEN 1.0 OZ‚Ä¶ https://t.co/aY1TmyTOek #Buy #Shopping https://t.co/ZZhSzPYwMhBeyonce_Watch,319014,#Beyonce #Music NEW BEYONCE True Star LIMITED EDITION DIGIPAK RARE NIP https://t.co/sDPWbQEkWstAe_Miller,8005,RT @hollery: raise your hand if you've ever been personally victimized by Beyonc√© waiting to drop her new album. #B6 #Beyonce https://t.co/‚Ä¶RichardLyne1,346,There'd better be the new #beyonce album waiting for me on @TIDALHiFi when I wake up. #b6tAe_Miller,8005,RT @zoozyly: Who's Your Favorite Artist? 
#Rihanna #BeyonceBeyonce_Watch,319014,‚ù§#Collectible #Celebs 2 Tickets #Beyonce - Formation Tour 5/12 Qualcomm San #Auction #Cheap‚Ä¶ https://t.co/AIkQTBzrVG https://t.co/wOnUSBtNIdCABRILLONPS,1291,Hey #Beyonce we heard you found your city park. Come #findyourpark at Cabrillo NPS this year during our... https://t.co/2eFmIM3ZeFbeataimable,1334,RT @ivy_parka: Conspiracies #B6 #beyonce the wedding anniversary is TODAY!!! https://t.co/QUS6nRaFz1RedSalonColor,387,Beyonce released her own line of workout gear, and were obsessed with it! https://t.co/wuT0KkliOS #beyonce #fashion #celebrity #fitnessSalonLeaLauren,40,Beyonce released her own line of workout gear, and were obsessed with it! https://t.co/ZfLTTxkW7T #beyonce #fashion #celebrity #fitnessFACESbeautiful,2833,Beyonce released her own line of workout gear, and were obsessed with it! https://t.co/9dAR8nWPlO #beyonce #fashion #celebrity #fitnessBeyonce_Watch,319014,#Fashion #Style 2 Close Stage #Beyonce Tickets 6/3 FOXBOROUGH Gillette‚Ä¶ https://t.co/RZuDnL9Vll #Collectibles #Deals https://t.co/khkd8iIbD7Beyonce_Watch,319014,#Collectible #Celebs NEW #Beyonce CD True Star LIMITED EDITION DIGIPAK RARE NIP https://t.co/rmHRkdrm7V #Auction #CheapLeCoiffureNC,57,Beyonce released her own line of workout gear, and were obsessed with it! https://t.co/srR7mu5s19 #beyonce #fashion #celebrity #fitnesschudiiiii,121361,RT @CNNent: It's 4/4 so where is that new @Beyonce album? https://t.co/BXCs3ks7AY #Beyonce https://t.co/6VJULjCDANSarahSorensen9,533,Beyonce and Jay Z's anniversary is today? SO IS MINE AND MY MAN'S ANNIVERSARY!!! That has to count for something, right?? ‚úåüèºÔ∏èüòéüôåüèº #BeyonceReinaaRoyale,200445,Yes ma'am #beyonce https://t.co/7cK3N56bCzTignesHub,122212,#instagram #video https://t.co/7S1VUkxszF Single ladies ft Patrick and Guillem üòÇ #clubmed #tignes #choreo #Beyonc√©Taetachip,166959,#Beyonce stressing me. https://t.co/izyOjhHZnAbeyoncefansyes,39567,At https://t.co/1Rhp1LK56n -- This is gonna drive #BeyHive nuts. üòÇüòÇ @tidal #Beyonce #B6 #Formation #Tidal #ThisAin‚Ä¶ https://t.co/jGgsvJDPwdRobynFoyster,3518,RT @carouselworld: Beyonce‚Äôs New Activewear Has Fans In A Lather https://t.co/BU2lUYH8u0 #beyonce #activewear #beyoncefashion #fashion http‚Ä¶Buddhapple,3896,#COMECREATEWITHILLBADAA CLICK THIS LINK https://t.co/iKaqqlNS2E #beyonce #livemixx #OLDSCHOOL #DANCE #FUN #MIX #SPRING #LISTENJobiiinha,589,Happy anniversary #Jayonce!! ‚ù§ #4 #JayonceDay #beyonce #jayz #BeyHive  https://t.co/QLDSyimdj2WestonDion,14943,I'm not ready for a new #Beyonce album, man. I'm gonna need sedatives and whiskey and a stress ball and solitude.Beyonce_Watch,319014,‚ù§#Beyonce #Music Dangerously In Love by Beyonce (, 2003, Sony Music Entertainment) https://t.co/3XA9UIlDxj https://t.co/sMD7LKRC6IToyatay,653,When you think you're Beyonc√© #Toyatay #hair #beyonce #BeyonceBeLike #fan #random #collegelife #college https://t.co/6JJnpX4P0JShawlArchiTunde,100150,RT @CNNent: It's 4/4 so where is that new @Beyonce album? https://t.co/BXCs3ks7AY #Beyonce https://t.co/6VJULjCDAN_OnlyMika,5306,RT @CNNent: It's 4/4 so where is that new @Beyonce album? https://t.co/BXCs3ks7AY #Beyonce https://t.co/6VJULjCDANLiam_Roseic,45,#Beyonce isn't releasing her album tonight. Tidal said TDE exclusive which is Top Dog Entertainment and that's not her label. #B6Beyonce_Watch,319014,#Diet #Nutrition Losing Weight With the Help of Apple Cider Vinegar ‚Ä¶ https://t.co/bEJ0GKUzpj https://t.co/Lk9zaDJGGg #Beyonce #Fatlossmelupixie,14967,RT @CNNent: It's 4/4 so where is that new @Beyonce album? https://t.co/BXCs3ks7AY #Beyonce https://t.co/6VJULjCDANMrthecheekys,178,@dickfundy @MurrellDan @LamorneMorris Thank you guys for taking my call on #MundyNightRaw Big fan of everything on SJPlus #Beyonceviewpointng,25,@Kaffydancequeen rebbysexie elizabeth_agwe #imagneto rehearsals #formation #beyonce Tag someone‚Ä¶ https://t.co/borBQNPbToItsMeNick_Again,56057,RT @hollery: raise your hand if you've ever been personally victimized by Beyonc√© waiting to drop her new album. #B6 #Beyonce https://t.co/‚Ä¶mrmvrvinjvmvl,36911,#beyonce #Formation #BlackPanthers #JayZ #TomiLahren #DonkeyOfTheDay #BlackTwitter @... (Vine by @SaucySisTah) https://t.co/piC9lL1Qjbmekeljay82,7924,WE LOVE FASHION!!!!!!!

https://t.co/FwEb9FRX1l 

#beyonce #flawless #fashion #designer #detroit‚Ä¶ https://t.co/ZaaC3bvaM2bluestar_artist,139,Happy 8th Anniversary Jayonc√©!üéâüåπ@Beyonce #Beyonce #Beyhive https://t.co/Au8VYEpXhyMyNameIsRONITA,13118,RT @hollery: raise your hand if you've ever been personally victimized by Beyonc√© waiting to drop her new album. #B6 #Beyonce https://t.co/‚Ä¶blkchninstitute,35319,‚ÄúFulfilling Satoshi‚Äôs Vision‚Äù by @EricRSammons https://t.co/0EC4HWaP46 #BTC #Feminism #Beyonc√©GingaMcNasty,1124,RT @go_ticketdump: #beyonce #tickets for sale on our #app https://t.co/HZPYR6c4bVInda_mix,14902,#Tidal says #tde will be released.. Is it #beyonce cd #beyhive ?
#celebblogger #celebgossip‚Ä¶ https://t.co/5etQdYQe9ljackdatcat,28,My ancestors came out the jungle, fierce. Guess my sister never got the memo. #scared #neverseengrass #beyonce
https://t.co/YwhRqCn3ZBBeyonce_Watch,319014,#Fashion #Style 2 Close Stage #Beyonce Tickets 6/3 FOXBOROUGH Gillette‚Ä¶ https://t.co/PqDKCaAazr #Collectibles #Deals https://t.co/cMnXubHAsKBeyonce_Watch,319014,#Collectible #Celebs 2 Close Stage #Beyonce Tickets 6/3 FOXBOROUGH Gillette Stadium Foxboro https://t.co/NwFrjS3EPI #Auction #Cheaplindsay7111,537,RT @hollery: raise your hand if you've ever been personally victimized by Beyonc√© waiting to drop her new album. #B6 #Beyonce https://t.co/‚Ä¶fxckingjoshua,7314,RT @hollery: raise your hand if you've ever been personally victimized by Beyonc√© waiting to drop her new album. #B6 #Beyonce https://t.co/‚Ä¶Thegossiptwins,6381,Please Be #Beyonce üôèüèº #Tidal #GossipTwins https://t.co/hY21Dr0FBTvontelove,293,RT @JadeNovah: My Beyonc√© Cereal Slay: Get your cereal in #Formation. #Beyonce üòÇ https://t.co/bcyE3vOWIemeccafromuptown,20645,RT @UPTOWNmagazine: Happy Anniversary #Beyonce and #Jayz! The super star couple is celebrating their 8th wedding anniversary today! https:/‚Ä¶krissyk619,1460,RT @CNNent: It's 4/4 so where is that new @Beyonce album? https://t.co/BXCs3ks7AY #Beyonce https://t.co/6VJULjCDANOmalichanwa17,3391,I might as well get ready for work today as I have no intention to sleep. So going to be messed up at work today.  #Beyonce Albumsean_nesmith,7518,RT @CNNent: It's 4/4 so where is that new @Beyonce album? https://t.co/BXCs3ks7AY #Beyonce https://t.co/6VJULjCDANgo_ticketdump,344,#beyonce #tickets for sale on our #app https://t.co/HZPYR6c4bVBeyonce_Watch,319014,‚ù§‚ù§TIX #Tickets 2 Tickets #Beyonce - The Formation World Tour 5/31 Heinz Field Pittsburgh‚Ä¶ https://t.co/SEX3VXystR https://t.co/WJGTy9sH8sPoofyLatwinas,383,@Beyonce sent me a beautiful beacon representing her impending release of #B6. #Beyonce #Beysus #Formation #Beypril https://t.co/tJjaDl5gzFharibopeep,653,RT @hollery: raise your hand if you've ever been personally victimized by Beyonc√© waiting to drop her new album. #B6 #Beyonce https://t.co/‚Ä¶precillia1234,20396,RT @CNNent: It's 4/4 so where is that new @Beyonce album? https://t.co/BXCs3ks7AY #Beyonce https://t.co/6VJULjCDANliveatROSEland4,27316,RT @hollery: raise your hand if you've ever been personally victimized by Beyonc√© waiting to drop her new album. #B6 #Beyonce https://t.co/‚Ä¶Beyonce_Watch,319014,TIX #Beyonce #Ticket 1 Ticket Beyonce Formation Tour: Miami 4/27/16‚Ä¶ https://t.co/8ptQTDRPq1 #Concert #Tickets https://t.co/x6Nb0jSrk8TimeforiMusic1,176031,#Beyonce #hit YoungUrbanVoices:voice_urban,620,Happy anniversary to Hollywood's strongest power couple. #Beyonce #BeyHive #jayz #blacklove #powercouples https://t.co/awEA0XZO25JTranR01,2793,Can it "B"?!? #Beyonc√© #Beyhive #ugh  https://t.co/Mh263962uViceyyhot,3377,RT @CNNent: It's 4/4 so where is that new @Beyonce album? https://t.co/BXCs3ks7AY #Beyonce https://t.co/6VJULjCDANGoINandLetHave,52991,RT @CNNent: It's 4/4 so where is that new @Beyonce album? https://t.co/BXCs3ks7AY #Beyonce https://t.co/6VJULjCDANSizzleMcizzle,2021,RT @hollery: raise your hand if you've ever been personally victimized by Beyonc√© waiting to drop her new album. #B6 #Beyonce https://t.co/‚Ä¶Beyonce_Watch,319014,‚ù§‚ù§#Fashion #Style #Beyonce Formation World Tour 5/9/16 AT&amp;T Stadium 300 #Collectibles‚Ä¶ https://t.co/SF2ufqM3lS https://t.co/IIQLlpSchlzinobouilouta,434,RT @hollery: raise your hand if you've ever been personally victimized by Beyonc√© waiting to drop her new album. #B6 #Beyonce https://t.co/‚Ä¶Free_Spirit2972,28582,RT @CNNent: It's 4/4 so where is that new @Beyonce album? https://t.co/BXCs3ks7AY #Beyonce https://t.co/6VJULjCDANThatGirl_Rainah,79911,RT @RedThronedQueen: #BREAKING #Music: #Beyonce New Album Track List Shows Features With #NickiMinaj #JayZ #Adele #FrankOcean üíã! üëë https://‚Ä¶Beyonce_Watch,319014,#Diet #Nutrition Best Food Items for Weight Loss in Women https://t.co/mulgaC1EBB https://t.co/5DcXm7L4so #Beyonce #FatlossLiamSkolly,70,When Beyonce doesn't release the album https://t.co/eTyogabv5e  #beyonce #albumthatloserella,7302,RT @hollery: raise your hand if you've ever been personally victimized by Beyonc√© waiting to drop her new album. #B6 #Beyonce https://t.co/‚Ä¶josephcarter235,203273,Hip Hop Producer #HitBoy Creates #Beyonce Bow Down https://t.co/GI8toWzF2h #hiphopproducer https://t.co/tq9hTTSiHoBeyonce_Watch,319014,#Fashion #Perfume Heat by #Beyonce for Women Eau De #Parfum 3.4 OZ 100 ML‚Ä¶ https://t.co/8bENLRGLXc #Buy #Shopping https://t.co/xKXXKnIUjgchrisdoesdrama,6421,Happy 8 Year Wedding Anniversary to the King and Queen #Beyonc√© and #JayZ #beyhive https://t.co/HD48NRpJkdXoXo_Callie,15580,RT @Topshop_AU: IVY PARK arriving 15 April 2016.
Ivy Park #ivypark #beyonce https://t.co/Xkv9MtnseaBeyonce_Watch,319014,‚ù§‚ù§‚ù§#Fashion #Style 2 Tickets #Beyonce - Formation Tour 5/12 Qualcomm San #Collectibles‚Ä¶ https://t.co/fF5cQMN960 https://t.co/JDckWP5iXnclvrkeslexa,23066,#beyonce she's blessing the children!!!! üòÇüòÇüòÇüòÇüòÇüòÇüòÇ (Vine by Revines) https://t.co/GiWf5cpbumPoppy_Vickers,365,RT @beataimable: In 40 minutes it will be 4/4 at 4:44pm in LA and Tidal said that a new album will drop tonight #Beyoncenoukang,48316,10 more days üòçüëåüèΩüôåüèΩ #Beyonce  #IvyPark #Parkwood #Topshopkokostores,1452,RT @KOKO_TV: Another look at #Beyonce's cover for @ELLEUK &amp; @ELLEmagazine https://t.co/PmXRBj5Mw3 #ELLEXbeyonce #BeyHive #IvyPark https://t‚Ä¶BernardRHimona,2827,I V Y - P A R K 
*
*
*
Where is your #park? #ivypark #weareivypark #beyonce #elle #ellemagazine‚Ä¶ https://t.co/r5wHid9RtkBuddhapple,3896,#COMECREATEWITHILLBADAA CLICK THIS LINK https://t.co/iKaqqlNS2E #beyonce #livemixx #OLDSCHOOL #DANCE #FUN #MIX #SPRING #WAYNERadioThorFM,5306,#Beyonce - Start Over https://t.co/bUUBS5GmuxBeyonce_Watch,319014,#Fashion #Style 2 #Beyonce 5/31 Heinz Field Sect-F1 https://t.co/tzKLM9mjDc #Collectibles #Deals https://t.co/ID9FmpRCrkBeyonce_Watch,319014,#Collectible #Celebs 2 #Beyonce 5/31 Heinz Field Sect-F1 https://t.co/8FG3iKAODh #Auction #Cheapluispedominguez,2024,RT @the_guy_in_blue: If #beyonce drops an album tomorrow #b6 https://t.co/E2rP6f58idDarby0009,10754,RT @CNNent: It's 4/4 so where is that new @Beyonce album? https://t.co/BXCs3ks7AY #Beyonce https://t.co/6VJULjCDANsalhalsr,2297,RT @SHAMAIMAI: When your mom takes jokes seriously...
#video #sudanesemom #future #whatfuture #beyonce #lol https://t.co/lPaMGD9yrukobainkobby,117637,RT @CNNent: It's 4/4 so where is that new @Beyonce album? https://t.co/BXCs3ks7AY #Beyonce https://t.co/6VJULjCDANbeataimable,1334,In 40 minutes it will be 4/4 at 4:44pm in LA and Tidal said that a new album will drop tonight #BeyonceBeyonce_Watch,319014,#Collectible #Celebs 2 Tickets #Beyonce - Formation Tour 5/12 Qualcomm San‚Ä¶ https://t.co/VEZlRka0vv #Auction #Cheap https://t.co/hPkfz6FiZmAdamHassanin27,1444,RT @CNNent: It's 4/4 so where is that new @Beyonce album? https://t.co/BXCs3ks7AY #Beyonce https://t.co/6VJULjCDANHMenrath,59585,RT @nycradiorema: #Beyonce‚Äôs Mission With Ivy Park: ‚ÄúTo Celebrate Every Woman‚Äù https://t.co/PN05kCA57Y #radiorema #teamfytl #newsBranman_23,49,RT @hollery: raise your hand if you've ever been personally victimized by Beyonc√© waiting to drop her new album. #B6 #Beyonce https://t.co/‚Ä¶creative_xchnge,1752,https://t.co/CI2bx1FKrl | Did you see this? @Lululemon mocks #Beyonc√©, gets promptly dragged by the #BeyHiveBeyonce_Watch,319014,#Diet #Nutrition Is Your Diet Harming You? https://t.co/dH1UOTA2ZE https://t.co/SpJwbEzb8z #Beyonce #Fatloss_Syahir,93767,RT @CNNent: It's 4/4 so where is that new @Beyonce album? https://t.co/BXCs3ks7AY #Beyonce https://t.co/6VJULjCDANblkchninstitute,35319,Hold That Hype! The #Beyonc√© Isn't All That, Yet says Citi https://t.co/8MCv5ELwvwnycradiorema,40183,#Beyonce‚Äôs Mission With Ivy Park: ‚ÄúTo Celebrate Every Woman‚Äù https://t.co/PN05kCA57Y #radiorema #teamfytl #newsgarrettdeagon,700,I feel you Bey... I feel you! Come home to papa!!' #beyonc√© #B6Beyonce_Watch,319014,TIX #Tickets 2 Tickets #Beyonce - Formation Tour 5/12 Qualcomm San Diego GREAT SEATS https://t.co/x5zcEBJZsP #Concert #TicketBeyonce_Watch,319014,#Beyonce #Music Dangerously In Love by Beyonce (, 2003, Sony Music Entertainment) https://t.co/CvlsR087KSBeyonce_Watch,319014,#Fashion #Perfume #Beyonce Perfume **RISE** Womens 1 oz Spray EDP NEW https://t.co/eB3sTbIyWL #Buy #Shopping https://t.co/8yveEV3Y13xo_yassbitch,3156,What now Bey? üëëüêù #okYonceNowIBeenInFormation üíÅüíÅüíÅüíÅ #beyhive #beyonce #yonce #formation  #queenbey‚Ä¶ https://t.co/Oda1iwPKISCAforTrump2016,5142,@JackBPR @CtBrokerRoks like the way he accepts #BLM Terrorists, not any different #JustinBieber #KimKardashion #Beyonce #FeelTheBernthe_guy_in_blue,4753,If #beyonce drops an album tomorrow #b6 https://t.co/E2rP6f58idhoustonstyle,44621,#HSMSpotted - More from #Beyonce &amp; #IvyPark üèãüèæÛæ≠ûüèæ https://t.co/lOD8KfvpInhoustonstyle,44621,#HSMSpotted - More from #Beyonce &amp; #IvyPark üèãüèæüí™üèæ @ Houston Style Magazine https://t.co/22ySjY6E3rohnotheydidnt,175088,Beyonce Serving Flashdance Queen with Elle Magazine Spread https://t.co/xQCWBKLz7J #magazinecoversandarticles #beyonc√©ethanwardhuey,1267,RT @teenmusicupdts: Tidal said that a new secret album is coming TONIGHT! #BEYONCE?? https://t.co/AngCED2ioXitsr_qia,17842,RT @CNNent: It's 4/4 so where is that new @Beyonce album? https://t.co/BXCs3ks7AY #Beyonce https://t.co/6VJULjCDANPCLARKEPR,1917,RT @UPTOWNmagazine: Happy Anniversary #Beyonce and #Jayz! The super star couple is celebrating their 8th wedding anniversary today! https:/‚Ä¶RamyroTorres,2567,RT @hollery: raise your hand if you've ever been personally victimized by Beyonc√© waiting to drop her new album. #B6 #Beyonce https://t.co/‚Ä¶lemonstealingho,1087,You know what that means üòõüòç #BeyHive #Beyonce https://t.co/3hb6Mwoox7francisco_dlima,4541,RT @hollery: raise your hand if you've ever been personally victimized by Beyonc√© waiting to drop her new album. #B6 #Beyonce https://t.co/‚Ä¶DancerMeech,1751,RT @CNNent: It's 4/4 so where is that new @Beyonce album? https://t.co/BXCs3ks7AY #Beyonce https://t.co/6VJULjCDANBeyonce_Watch,319014,#Fashion #Style #Beyonce Formation Tickets - Nashville, TN - 4‚Ä¶ https://t.co/P9VK5SBua7 #Collectibles #Deals https://t.co/mKYN47Zd32Beyonce_Watch,319014,#Collectible #Celebs #Beyonce Formation Tickets - Nashville, TN - 4 Adjacent Seats- Section 311‚Ä¶ https://t.co/ga2Qj1ixsV #Auction #CheapTeaTimeRadio,6753,Happy 8th Year #Anniversary to #Beyonce and #JayZ ‚ù§Ô∏è‚ù§Ô∏è‚ù§Ô∏è #goals https://t.co/KpmlFuHOVSrealMcKeester,17,RT @QueenBKC_81: And on April 4th 2008, Somebody put a ring on itüíç #HappyAnniversaryJayonc√© #Beyonce #Jayz 
 https://t.co/MPlBHJZ41kEmil4music,23068,#HipHop Producer #HitBoy Produces #Beyonce Bow Down On The Spot https://t.co/I5CFlU5C0A https://t.co/u9g7FpPXs3Beyonce_Watch,319014,‚ù§TIX #Tickets 2 Tickets #Beyonce - The Formation World Tour 5/31 Heinz Field Pittsburgh‚Ä¶ https://t.co/TMS31z5e9U https://t.co/AZg0RhO0FDbxjagal,8538,RT @CNNent: It's 4/4 so where is that new @Beyonce album? https://t.co/BXCs3ks7AY #Beyonce https://t.co/6VJULjCDANmoehamid96,5111,RT @SHAMAIMAI: When your mom takes jokes seriously...
#video #sudanesemom #future #whatfuture #beyonce #lol https://t.co/lPaMGD9yru_csmith761,2940,RT @CNNent: It's 4/4 so where is that new @Beyonce album? https://t.co/BXCs3ks7AY #Beyonce https://t.co/6VJULjCDANcolouroffensive,97385,I would really be interested in hearing some responses to this #Beyhive #Beyonce #B6teenmusicupdts,42,Tidal said that a new secret album is coming TONIGHT! #BEYONCE?? https://t.co/AngCED2ioXThatGuyLukey,18531,Scared to sleep incase #beyonce drops the album and slays us all tbqh416payne,514,RT @Kyra_Symone: #TomiLahren's a total idiot in this interview &amp; sounds like an ignorant racist upset #Beyonc√©'s defending her people https‚Ä¶416payne,514,RT @OLyvii_ahh: So how much do you really think she knows about Black people? Just food for thought........ #getinformation #beyonce #tomil‚Ä¶topher9200,6086,RT @hollery: raise your hand if you've ever been personally victimized by Beyonc√© waiting to drop her new album. #B6 #Beyonce https://t.co/‚Ä¶Beyonce_Watch,319014,‚ù§#Fashion #Style #Beyonce Formation World Tour 5/9/16 AT&amp;T Stadium 300 #Collectibles #Deals‚Ä¶ https://t.co/g43hsdPJGR https://t.co/zXPCLxfz8hBeyonce_Watch,319014,#Diet #Nutrition Is Your Diet Harming You? https://t.co/jjeorG5687 https://t.co/MQfzvn7R91 #Beyonce #Fatlossjessye_hemmings,210,RT @947: #Beyonc√© &amp; #JayZ have been married for 8 years today! What songs do you want to hear by them? Tell @Anele #947Drive https://t.co/V‚Ä¶KaptaanKohli,33997,RT @desigirl78: Some #JayZ n #Beyonce inspiration for @imVkohli n @AnushkaSharma Get back n rule the world together!‚úåüèºÔ∏è https://t.co/SiBweM‚Ä¶Mood_Chime,7395,So #Beyonc√© not dropping her album today? üòûüòëüòîBeyonce_Watch,319014,#Beyonce #Music Beyonce- I Am...Sasha Fierce [Deluxe Edition] (, Nov-2009, Sony Music... https://t.co/QBXh5lREJUBeyonce_Watch,319014,‚ù§‚ù§#Fashion #Style 2 Tickets #Beyonce - Formation Tour 5/12 Qualcomm San #Collectibles‚Ä¶ https://t.co/KOnfWy19lU https://t.co/nzl5D4Ln0XimaniOHmami,38242,RT @CNNent: It's 4/4 so where is that new @Beyonce album? https://t.co/BXCs3ks7AY #Beyonce https://t.co/6VJULjCDANmalaztakas,8127,RT @SHAMAIMAI: When your mom takes jokes seriously...
#video #sudanesemom #future #whatfuture #beyonce #lol https://t.co/lPaMGD9yruhollis51,343,Ohmygodohmygod I gotta get the fuck home so I can listen to #b6 on an actual sound system #Beyonce @TIDALHiFi better not be fucking with us.Beyonce_Watch,319014,#Diet #Nutrition Lose Weight in 7 Days on the Raw Food Diet Plan - Tips and Tricks to Succeed‚Ä¶ https://t.co/OKLf8CRd3c #Beyonce #Fatloss